Country,City,Charging_Station_ID,Charging_Station_Type,EV_Model,Manufacturer,Battery_Capacity_kWh,Charging_Start_Time,Charging_End_Time,Charging_Duration_mins,Energy_Delivered_kWh,Charging_Cost_$,Payment_Method,Temperature,Charging_Session_Outcome,Station_Utilization_Rate
Germany,Berlin,CS-8195,DC Fast,Hyundai Kona Electric,Hyundai,64,31-Mar-25,31-Mar-25,77,18.17,5.83,Subscription,30.7,Completed,57.2
USA,New York,CS-5103,DC Fast,Nissan Leaf,Nissan,40,8-Mar-25,8-Mar-25,70,13.14,3.69,Card,23.6,Failed,53.6
France,Lyon,CS-4527,Level 1,BYD Han,BYD,76,21-Jan-25,21-Jan-25,86,62.47,6.37,Subscription,11.9,Aborted,22.4
India,Mumbai,CS-5717,DC Fast,Nissan Leaf,Nissan,40,4-Apr-25,4-Apr-25,112,8.39,2.97,App,27.3,Failed,46.8
Germany,Munich,CS-5093,Level 2,Nissan Leaf,Nissan,40,27-Mar-25,27-Mar-25,156,15.26,4.4,Subscription,2.7,Completed,13.7
France,Lyon,CS-5453,Level 2,Nissan Leaf,Nissan,40,28-Feb-25,28-Feb-25,74,35.33,7.56,Subscription,28.4,Completed,39.6
France,Nice,CS-9000,DC Fast,Hyundai Kona Electric,Hyundai,64,2-Mar-25,2-Mar-25,180,9.21,2.68,Subscription,4.8,Aborted,40.4
Japan,Tokyo,CS-6111,Level 2,Audi e-tron,Audi,95,6-Mar-25,6-Mar-25,29,25.61,2.81,App,5.7,Completed,83.1
Australia,Brisbane,CS-3469,DC Fast,Audi e-tron,Audi,95,14-Feb-25,14-Feb-25,69,63.99,13.99,App,0.7,Completed,29.7
Japan,Yokohama,CS-5773,Level 2,Hyundai Kona Electric,Hyundai,64,10-Jan-25,10-Jan-25,164,30.28,8.33,Card,34.9,Completed,50.8
Germany,Berlin,CS-3959,Level 2,Nissan Leaf,Nissan,40,2-Mar-25,2-Mar-25,54,26.96,9.1,Subscription,-2.5,Aborted,57.7
Norway,Trondheim,CS-1805,DC Fast,Hyundai Kona Electric,Hyundai,64,24-Mar-25,24-Mar-25,156,55.79,5.77,Card,22.3,Failed,70.1
India,Mumbai,CS-3305,DC Fast,Hyundai Kona Electric,Hyundai,64,25-Mar-25,25-Mar-25,126,14.33,1.45,Subscription,5.5,Failed,71
Japan,Tokyo,CS-8887,Level 2,Hyundai Kona Electric,Hyundai,64,21-Mar-25,21-Mar-25,178,34.95,5.58,Card,16.6,Failed,83.5
Australia,Melbourne,CS-9340,Level 2,Kia EV6,Kia,77,17-Jan-25,17-Jan-25,19,13.05,2.73,Card,-2.7,Failed,85.8
Germany,Hamburg,CS-5810,Level 1,Kia EV6,Kia,77,9-Mar-25,9-Mar-25,32,75.41,19.59,Card,21.4,Failed,23.2
Japan,Yokohama,CS-7364,DC Fast,Porsche Taycan,Porsche,93,29-Mar-25,29-Mar-25,69,86.74,28.33,Card,23.5,Aborted,89.6
India,Delhi,CS-4910,Level 2,Renault Zoe,Renault,52,9-Feb-25,10-Feb-25,130,10.69,1.79,Card,18.5,Completed,57.1
USA,New York,CS-3046,Level 2,Tesla Model 3,Tesla,60,22-Feb-25,22-Feb-25,73,8.71,0.95,Card,15.6,Aborted,63.5
France,Nice,CS-8586,Level 2,BMW i3,BMW,42,28-Jan-25,28-Jan-25,161,26.32,4.55,App,2.6,Completed,62.7
India,Delhi,CS-3995,DC Fast,Porsche Taycan,Porsche,93,16-Feb-25,16-Feb-25,134,81.02,9.42,Subscription,-1.1,Aborted,68.3
Germany,Berlin,CS-7819,Level 1,Chevy Bolt,Chevrolet,66,7-Feb-25,7-Feb-25,63,37.71,5.36,App,13.5,Completed,45.5
Japan,Tokyo,CS-9276,Level 1,Tesla Model 3,Tesla,60,11-Jan-25,12-Jan-25,153,50.98,19.92,Card,11.3,Aborted,27.1
Canada,Toronto,CS-3402,Level 2,BMW i3,BMW,42,15-Jan-25,15-Jan-25,112,5.08,1.1,App,11.9,Failed,89.6
Japan,Yokohama,CS-2183,Level 1,Kia EV6,Kia,77,28-Feb-25,28-Feb-25,54,18.67,3.09,Subscription,24.4,Completed,69.8
USA,New York,CS-3616,Level 1,BYD Han,BYD,76,10-Jan-25,10-Jan-25,137,40.7,14.48,Card,33.4,Completed,78.1
Germany,Hamburg,CS-8534,DC Fast,Nissan Leaf,Nissan,40,5-Mar-25,5-Mar-25,75,19.13,7.32,Card,18.2,Completed,59.6
Canada,Montreal,CS-3579,Level 1,BYD Han,BYD,76,31-Mar-25,31-Mar-25,159,42.12,16.02,Subscription,23.6,Completed,31.2
UK,Birmingham,CS-7068,Level 1,Hyundai Kona Electric,Hyundai,64,23-Jan-25,23-Jan-25,132,23.65,7.7,Card,13.3,Failed,89.7
Germany,Hamburg,CS-3005,Level 1,Chevy Bolt,Chevrolet,66,3-Apr-25,3-Apr-25,144,21.18,8.05,Card,9.8,Completed,45.1
Japan,Yokohama,CS-2680,DC Fast,Hyundai Kona Electric,Hyundai,64,19-Feb-25,19-Feb-25,171,63.05,21.57,Card,21.7,Failed,34
Germany,Berlin,CS-4174,Level 1,Hyundai Kona Electric,Hyundai,64,22-Mar-25,22-Mar-25,44,57.49,18.55,App,6.3,Completed,67.4
France,Nice,CS-1037,Level 1,Hyundai Kona Electric,Hyundai,64,21-Mar-25,21-Mar-25,144,33.82,12.57,Card,20.4,Aborted,13.5
India,Mumbai,CS-4900,Level 2,Hyundai Kona Electric,Hyundai,64,7-Mar-25,7-Mar-25,56,48.73,12.94,Subscription,-4.6,Completed,85.6
UK,Birmingham,CS-1369,Level 1,Tesla Model 3,Tesla,60,13-Feb-25,14-Feb-25,109,37.04,5.35,Card,7.3,Completed,81.9
France,Nice,CS-4782,Level 2,Chevy Bolt,Chevrolet,66,4-Feb-25,4-Feb-25,41,26.57,7.12,Subscription,25,Completed,79.2
UK,Manchester,CS-6751,Level 2,Tesla Model 3,Tesla,60,3-Feb-25,3-Feb-25,60,45.51,9.09,Subscription,29.6,Completed,31.3
Germany,Munich,CS-1705,Level 2,Tesla Model 3,Tesla,60,9-Mar-25,9-Mar-25,135,17.23,5.94,App,7.2,Completed,27.8
France,Lyon,CS-7329,Level 2,Audi e-tron,Audi,95,17-Jan-25,17-Jan-25,86,82.79,32.29,App,20.7,Aborted,64.4
Japan,Osaka,CS-9793,DC Fast,Tesla Model 3,Tesla,60,18-Mar-25,18-Mar-25,44,53.24,9.5,App,-3.5,Failed,44.8
India,Delhi,CS-4556,Level 1,BYD Han,BYD,76,19-Feb-25,19-Feb-25,145,13.21,4.89,App,-3.2,Aborted,10.1
Japan,Yokohama,CS-6286,Level 2,Chevy Bolt,Chevrolet,66,1-Apr-25,1-Apr-25,108,31.31,12.04,Subscription,7.6,Completed,67.6
China,Shenzhen,CS-9301,DC Fast,Hyundai Kona Electric,Hyundai,64,22-Feb-25,22-Feb-25,119,24.24,7.49,Card,2.7,Failed,85.2
UK,Birmingham,CS-1461,Level 2,BYD Han,BYD,76,8-Jan-25,8-Jan-25,92,33.83,11.84,App,3.4,Failed,58.5
India,Delhi,CS-1698,DC Fast,Kia EV6,Kia,77,22-Mar-25,22-Mar-25,128,53.65,13.59,Card,21.4,Aborted,51.2
Australia,Melbourne,CS-9163,Level 1,Nissan Leaf,Nissan,40,21-Mar-25,21-Mar-25,75,28.55,4.78,Card,-4,Completed,88.7
Australia,Sydney,CS-1429,DC Fast,Kia EV6,Kia,77,15-Feb-25,15-Feb-25,121,68.8,18.76,Subscription,10.4,Aborted,29.5
USA,New York,CS-3576,DC Fast,Porsche Taycan,Porsche,93,11-Jan-25,11-Jan-25,71,20.48,7.93,App,-3,Completed,83.4
Germany,Munich,CS-3820,DC Fast,BMW i3,BMW,42,15-Mar-25,16-Mar-25,133,29.7,11.77,App,33,Aborted,59
Japan,Osaka,CS-5814,Level 2,Renault Zoe,Renault,52,24-Feb-25,24-Feb-25,129,47.17,15.24,App,5.4,Completed,77.2
China,Shenzhen,CS-5569,DC Fast,Kia EV6,Kia,77,15-Mar-25,15-Mar-25,175,22.23,5.16,App,4.4,Aborted,35.6
Japan,Tokyo,CS-3315,DC Fast,BMW i3,BMW,42,28-Mar-25,28-Mar-25,53,13.56,4.18,Card,-2.4,Aborted,36.5
Norway,Bergen,CS-5014,DC Fast,Tesla Model 3,Tesla,60,9-Mar-25,9-Mar-25,67,50.81,11.02,Subscription,-4.2,Failed,40.4
USA,Los Angeles,CS-2949,Level 2,Hyundai Kona Electric,Hyundai,64,7-Feb-25,8-Feb-25,114,55.35,21.37,Subscription,24.9,Failed,74
France,Lyon,CS-1171,Level 2,Chevy Bolt,Chevrolet,66,22-Jan-25,22-Jan-25,84,31.59,3.43,Subscription,22.2,Aborted,67.9
Norway,Oslo,CS-4005,DC Fast,BYD Han,BYD,76,26-Jan-25,27-Jan-25,151,6.91,1.51,Subscription,-3.9,Failed,44.3
Norway,Oslo,CS-8262,Level 2,Tesla Model 3,Tesla,60,26-Jan-25,26-Jan-25,81,25.85,4.23,App,25.4,Aborted,32.3
Canada,Vancouver,CS-7745,Level 2,Nissan Leaf,Nissan,40,17-Feb-25,17-Feb-25,135,5.68,1.49,Card,21,Failed,13.2
USA,New York,CS-7096,Level 2,Chevy Bolt,Chevrolet,66,17-Mar-25,17-Mar-25,20,42.9,7.36,Subscription,-0.4,Completed,47.2
China,Shanghai,CS-1077,Level 1,BMW i3,BMW,42,26-Feb-25,26-Feb-25,170,27.47,8.91,Card,33.6,Completed,56.3
China,Shenzhen,CS-9333,DC Fast,Porsche Taycan,Porsche,93,12-Jan-25,12-Jan-25,116,87.85,14.01,Subscription,28.2,Completed,18.2
China,Shenzhen,CS-2898,Level 1,BYD Han,BYD,76,20-Mar-25,20-Mar-25,45,61.53,16.6,App,16.3,Failed,39.6
Japan,Yokohama,CS-7512,Level 1,Audi e-tron,Audi,95,3-Mar-25,3-Mar-25,18,81.46,28.24,App,33.4,Failed,81.3
Norway,Trondheim,CS-4261,DC Fast,BMW i3,BMW,42,22-Mar-25,22-Mar-25,126,11.52,2.96,App,19.6,Failed,72
Norway,Bergen,CS-2152,Level 1,BYD Han,BYD,76,6-Feb-25,6-Feb-25,83,27.88,4.84,App,30.3,Completed,70
Australia,Brisbane,CS-3115,Level 1,Porsche Taycan,Porsche,93,1-Apr-25,1-Apr-25,101,7.53,2.68,App,3.5,Aborted,37.2
Australia,Brisbane,CS-3992,Level 1,Hyundai Kona Electric,Hyundai,64,12-Feb-25,12-Feb-25,157,5.6,2.15,Card,23.8,Aborted,54.4
France,Nice,CS-1913,Level 1,Kia EV6,Kia,77,22-Jan-25,22-Jan-25,180,56.25,13.19,Card,6.8,Aborted,65.3
China,Shenzhen,CS-9110,Level 2,BYD Han,BYD,76,13-Feb-25,13-Feb-25,109,38.6,10.01,Subscription,17,Aborted,66.2
China,Shanghai,CS-3527,Level 1,Hyundai Kona Electric,Hyundai,64,26-Jan-25,26-Jan-25,74,12.12,1.91,Subscription,16.4,Failed,24.8
France,Nice,CS-9921,DC Fast,Kia EV6,Kia,77,1-Apr-25,1-Apr-25,85,57.17,22.47,Subscription,6.3,Completed,76.6
China,Beijing,CS-9759,Level 1,Audi e-tron,Audi,95,18-Jan-25,18-Jan-25,60,32.2,10.06,App,-3.2,Completed,54.3
UK,Birmingham,CS-4519,Level 2,Kia EV6,Kia,77,20-Mar-25,20-Mar-25,41,67.84,18.47,App,12.6,Completed,87.2
China,Shanghai,CS-5877,DC Fast,Nissan Leaf,Nissan,40,9-Jan-25,9-Jan-25,31,19.02,2.32,Subscription,-2.9,Completed,74.9
China,Beijing,CS-5422,DC Fast,Chevy Bolt,Chevrolet,66,23-Feb-25,23-Feb-25,45,39.04,8.78,Subscription,4,Failed,40.4
Norway,Bergen,CS-9253,DC Fast,BYD Han,BYD,76,15-Feb-25,15-Feb-25,124,26.68,7.64,Subscription,-1,Completed,60
China,Shenzhen,CS-5345,Level 1,Nissan Leaf,Nissan,40,18-Mar-25,18-Mar-25,55,13.4,3.56,Card,11.3,Failed,57.5
China,Beijing,CS-6605,Level 2,Chevy Bolt,Chevrolet,66,15-Feb-25,15-Feb-25,88,48.12,14.96,Card,22.5,Aborted,73
Australia,Brisbane,CS-9053,Level 1,Chevy Bolt,Chevrolet,66,26-Mar-25,26-Mar-25,123,12,2.01,App,28.1,Completed,14.8
China,Shenzhen,CS-3083,Level 2,BYD Han,BYD,76,26-Jan-25,26-Jan-25,88,36.18,8.71,Subscription,11.1,Aborted,50
Norway,Bergen,CS-3049,Level 2,Nissan Leaf,Nissan,40,6-Apr-25,7-Apr-25,168,6.4,1.47,Subscription,5,Completed,28.3
Australia,Brisbane,CS-4416,Level 1,Tesla Model 3,Tesla,60,11-Jan-25,11-Jan-25,83,36.69,12.07,App,15.8,Aborted,83.3
UK,Birmingham,CS-3457,Level 2,Porsche Taycan,Porsche,93,21-Mar-25,22-Mar-25,177,76.65,29.95,App,11.3,Aborted,63.6
UK,Manchester,CS-1711,DC Fast,Porsche Taycan,Porsche,93,17-Feb-25,17-Feb-25,141,30.36,11.64,Card,13.2,Aborted,30.2
Germany,Munich,CS-2153,Level 2,Renault Zoe,Renault,52,18-Mar-25,18-Mar-25,15,35.91,9.44,Card,2.5,Aborted,59.8
Norway,Trondheim,CS-4202,Level 2,Kia EV6,Kia,77,5-Mar-25,5-Mar-25,28,19.66,5.21,App,30.2,Aborted,19.7
Australia,Sydney,CS-6779,Level 1,BMW i3,BMW,42,18-Mar-25,18-Mar-25,94,25.38,6.74,Card,34.7,Completed,46.9
Germany,Hamburg,CS-8875,DC Fast,BMW i3,BMW,42,8-Feb-25,8-Feb-25,142,39.51,7.41,App,11.6,Aborted,88.4
France,Lyon,CS-1106,DC Fast,Renault Zoe,Renault,52,4-Apr-25,4-Apr-25,52,23.03,8.67,Subscription,30.2,Completed,32.1
Canada,Vancouver,CS-3984,Level 2,Renault Zoe,Renault,52,7-Mar-25,7-Mar-25,83,43.57,8.05,Subscription,18.2,Failed,49.2
UK,Manchester,CS-4506,DC Fast,Renault Zoe,Renault,52,22-Mar-25,22-Mar-25,138,21.22,5.64,App,13.2,Aborted,79.6
France,Nice,CS-4445,Level 2,Porsche Taycan,Porsche,93,28-Feb-25,28-Feb-25,74,80.33,17.93,Subscription,13.9,Aborted,40.9
UK,Manchester,CS-7366,Level 1,Tesla Model 3,Tesla,60,5-Mar-25,5-Mar-25,47,32.63,9.04,App,-1,Aborted,11.2
UK,Manchester,CS-1248,Level 2,BMW i3,BMW,42,28-Feb-25,28-Feb-25,34,22.37,8.74,Subscription,22.7,Failed,16.4
India,Bangalore,CS-5442,Level 2,Renault Zoe,Renault,52,27-Jan-25,27-Jan-25,112,49.84,14.36,Subscription,-3.6,Completed,28.8
China,Beijing,CS-5801,DC Fast,Nissan Leaf,Nissan,40,16-Feb-25,16-Feb-25,126,39.24,12.88,Card,12.7,Failed,34
USA,New York,CS-4502,Level 1,Audi e-tron,Audi,95,6-Apr-25,6-Apr-25,29,31.4,6.67,Card,16.2,Failed,64.5
UK,London,CS-9879,DC Fast,BMW i3,BMW,42,16-Jan-25,16-Jan-25,35,27.55,5.92,Card,14.9,Failed,21.4
Norway,Trondheim,CS-2472,Level 2,Hyundai Kona Electric,Hyundai,64,7-Mar-25,7-Mar-25,132,20.06,2.06,App,22.1,Completed,15.9
India,Bangalore,CS-5785,Level 2,Hyundai Kona Electric,Hyundai,64,12-Jan-25,12-Jan-25,178,61.76,18.97,App,3,Aborted,78.3
Germany,Berlin,CS-7011,DC Fast,Porsche Taycan,Porsche,93,27-Mar-25,27-Mar-25,161,36.59,6.91,App,-4.1,Failed,41.7
USA,San Francisco,CS-6700,Level 2,Tesla Model 3,Tesla,60,26-Feb-25,26-Feb-25,170,45.98,16.09,Card,19.3,Aborted,27.5
France,Nice,CS-4986,DC Fast,Hyundai Kona Electric,Hyundai,64,25-Feb-25,25-Feb-25,50,42.07,15.61,Card,7.4,Aborted,12.7
India,Bangalore,CS-6433,Level 2,BMW i3,BMW,42,5-Feb-25,5-Feb-25,38,38.66,7.66,Card,3,Failed,80.1
India,Bangalore,CS-2809,Level 2,Renault Zoe,Renault,52,9-Jan-25,9-Jan-25,84,44.03,7.8,App,24.9,Aborted,74.3
Norway,Oslo,CS-6738,Level 2,BMW i3,BMW,42,29-Mar-25,29-Mar-25,72,36.83,11.68,Subscription,9.6,Aborted,11.1
Japan,Tokyo,CS-7051,DC Fast,Kia EV6,Kia,77,16-Mar-25,16-Mar-25,109,53.44,16.12,App,27.9,Aborted,18.7
France,Lyon,CS-4418,DC Fast,Tesla Model 3,Tesla,60,26-Feb-25,26-Feb-25,173,53.63,14.4,Card,20.9,Failed,75.9
China,Shenzhen,CS-1067,Level 2,Porsche Taycan,Porsche,93,27-Mar-25,27-Mar-25,44,17.3,6.64,App,-0.4,Completed,81
UK,Manchester,CS-1681,DC Fast,Kia EV6,Kia,77,21-Feb-25,21-Feb-25,109,53.28,17.21,App,18.5,Failed,22.4
Canada,Montreal,CS-6682,Level 2,Nissan Leaf,Nissan,40,27-Feb-25,27-Feb-25,140,26.55,10.13,Card,22.6,Completed,45.5
France,Lyon,CS-1451,Level 2,Nissan Leaf,Nissan,40,28-Jan-25,28-Jan-25,109,24.06,9.46,Card,10.9,Completed,87.5
Norway,Oslo,CS-7809,Level 1,Chevy Bolt,Chevrolet,66,1-Feb-25,1-Feb-25,179,44.01,17.22,App,4.7,Completed,73
France,Paris,CS-6754,Level 1,Renault Zoe,Renault,52,14-Jan-25,14-Jan-25,68,32.56,11.2,App,26,Failed,10.2
UK,London,CS-9331,Level 1,Renault Zoe,Renault,52,15-Feb-25,15-Feb-25,79,42.53,5.66,Card,-4.4,Completed,57.1
USA,New York,CS-2637,Level 1,Hyundai Kona Electric,Hyundai,64,16-Jan-25,16-Jan-25,28,12.48,2.82,Subscription,-2.5,Aborted,72.2
Japan,Yokohama,CS-3171,Level 1,Nissan Leaf,Nissan,40,14-Mar-25,14-Mar-25,130,22.63,8.68,Subscription,26.3,Failed,51.7
Norway,Trondheim,CS-2120,Level 2,Tesla Model 3,Tesla,60,11-Mar-25,11-Mar-25,30,59.92,21.22,Subscription,-0.7,Failed,82.8
Germany,Berlin,CS-3623,DC Fast,Audi e-tron,Audi,95,17-Mar-25,17-Mar-25,170,18.35,2.53,Subscription,18.4,Failed,36
Australia,Brisbane,CS-8159,DC Fast,Hyundai Kona Electric,Hyundai,64,6-Mar-25,6-Mar-25,131,34.83,7.98,Card,29.1,Failed,80.2
Japan,Yokohama,CS-4441,Level 2,Chevy Bolt,Chevrolet,66,9-Feb-25,9-Feb-25,125,32.54,5.48,App,10.9,Failed,17.6
Canada,Vancouver,CS-6273,Level 2,Hyundai Kona Electric,Hyundai,64,11-Mar-25,11-Mar-25,110,61.26,18.75,Card,-1.4,Completed,17.5
Germany,Hamburg,CS-5342,DC Fast,Audi e-tron,Audi,95,2-Feb-25,2-Feb-25,48,55.07,15.2,Subscription,8.2,Completed,42.9
Canada,Montreal,CS-6244,DC Fast,Tesla Model 3,Tesla,60,20-Jan-25,20-Jan-25,88,38.02,7.81,Subscription,3.5,Failed,48.6
Germany,Munich,CS-1382,Level 1,Renault Zoe,Renault,52,4-Feb-25,4-Feb-25,109,10.4,1.91,App,28.8,Failed,59.1
Japan,Tokyo,CS-3300,Level 2,BYD Han,BYD,76,4-Feb-25,4-Feb-25,83,7.06,1.28,App,9,Completed,79.6
Australia,Brisbane,CS-9929,Level 1,Porsche Taycan,Porsche,93,24-Mar-25,24-Mar-25,32,17.48,5.07,Card,24.8,Completed,40.1
Norway,Bergen,CS-5362,DC Fast,BMW i3,BMW,42,4-Mar-25,4-Mar-25,109,16.53,3.26,Subscription,-1.6,Completed,22.4
Australia,Sydney,CS-7185,DC Fast,Nissan Leaf,Nissan,40,8-Feb-25,8-Feb-25,84,20.51,4.66,App,11.6,Completed,70.4
Germany,Munich,CS-2207,Level 2,Porsche Taycan,Porsche,93,25-Mar-25,25-Mar-25,43,29.93,9.09,Subscription,21.7,Completed,27.6
Australia,Sydney,CS-9744,Level 1,Tesla Model 3,Tesla,60,24-Feb-25,24-Feb-25,67,21.58,3.53,App,6.6,Completed,10.6
Canada,Toronto,CS-6737,DC Fast,BMW i3,BMW,42,2-Mar-25,2-Mar-25,112,24.71,4.18,Subscription,27.2,Completed,41.8
USA,Los Angeles,CS-7469,DC Fast,Tesla Model 3,Tesla,60,2-Feb-25,2-Feb-25,132,55.66,19.96,App,17.9,Failed,61.2
China,Beijing,CS-1931,DC Fast,Porsche Taycan,Porsche,93,3-Mar-25,3-Mar-25,20,90.03,13.65,App,28.3,Aborted,17.1
Germany,Berlin,CS-7820,Level 2,Porsche Taycan,Porsche,93,6-Mar-25,6-Mar-25,165,40.24,4.97,Subscription,8.6,Aborted,72.3
Germany,Hamburg,CS-3087,Level 2,Nissan Leaf,Nissan,40,28-Mar-25,28-Mar-25,150,22.85,8.5,App,24.1,Failed,75.2
France,Paris,CS-2665,DC Fast,BMW i3,BMW,42,30-Mar-25,30-Mar-25,80,12.3,3.45,Card,2.1,Failed,49.5
Australia,Brisbane,CS-3756,Level 2,Kia EV6,Kia,77,8-Mar-25,8-Mar-25,159,51.3,20.31,Subscription,7.6,Aborted,15.5
Norway,Trondheim,CS-1010,Level 1,Hyundai Kona Electric,Hyundai,64,16-Feb-25,16-Feb-25,85,39.89,8.2,App,13.5,Completed,14.6
China,Beijing,CS-6961,DC Fast,Nissan Leaf,Nissan,40,4-Mar-25,4-Mar-25,172,25.79,5.55,Subscription,33.2,Failed,81.7
Norway,Trondheim,CS-8456,Level 1,Chevy Bolt,Chevrolet,66,30-Jan-25,30-Jan-25,97,41.91,10.49,App,-0.9,Aborted,88.6
Germany,Hamburg,CS-6268,Level 2,BMW i3,BMW,42,22-Jan-25,22-Jan-25,25,14.17,3.28,Subscription,15.9,Completed,39.1
China,Shanghai,CS-3715,DC Fast,Porsche Taycan,Porsche,93,18-Jan-25,18-Jan-25,101,64.74,7.49,Subscription,8.4,Aborted,17.6
Canada,Vancouver,CS-1623,DC Fast,Hyundai Kona Electric,Hyundai,64,25-Feb-25,25-Feb-25,169,56.52,11.3,Subscription,0.7,Aborted,34.8
Canada,Toronto,CS-4149,Level 2,BYD Han,BYD,76,17-Jan-25,17-Jan-25,36,26.98,5.75,Card,21.8,Failed,89.8
Japan,Tokyo,CS-3939,Level 1,Porsche Taycan,Porsche,93,31-Jan-25,31-Jan-25,145,36.84,7.69,Card,8.7,Aborted,25.4
UK,London,CS-5186,DC Fast,Nissan Leaf,Nissan,40,27-Mar-25,27-Mar-25,90,34.55,4.5,Subscription,30.3,Completed,63
Australia,Sydney,CS-2297,DC Fast,BYD Han,BYD,76,14-Mar-25,14-Mar-25,111,15.95,2.46,Subscription,27.4,Completed,67.7
USA,Los Angeles,CS-5212,DC Fast,Audi e-tron,Audi,95,28-Mar-25,28-Mar-25,75,92.26,26.13,App,4.4,Completed,34.8
Norway,Oslo,CS-6152,Level 2,Audi e-tron,Audi,95,3-Mar-25,3-Mar-25,161,93.6,22.32,App,15.1,Aborted,87.3
France,Nice,CS-9231,Level 2,BMW i3,BMW,42,7-Feb-25,7-Feb-25,79,6.93,1.69,Subscription,32.4,Failed,77.7
Germany,Munich,CS-3636,Level 1,Nissan Leaf,Nissan,40,4-Feb-25,5-Feb-25,56,14.55,5.41,App,-1.3,Completed,75.3
India,Mumbai,CS-5374,Level 2,Porsche Taycan,Porsche,93,25-Jan-25,25-Jan-25,28,39.89,8.46,Card,10,Completed,35.5
Germany,Hamburg,CS-8595,Level 2,Audi e-tron,Audi,95,27-Mar-25,27-Mar-25,52,17.38,3.23,Subscription,28.2,Failed,47.5
Australia,Sydney,CS-6596,DC Fast,Nissan Leaf,Nissan,40,4-Feb-25,4-Feb-25,19,13.96,4.89,Subscription,19.4,Aborted,18.9
China,Beijing,CS-6772,DC Fast,Hyundai Kona Electric,Hyundai,64,21-Mar-25,21-Mar-25,46,7.82,1.77,App,-2.5,Aborted,57.7
USA,San Francisco,CS-7510,Level 2,Renault Zoe,Renault,52,10-Feb-25,10-Feb-25,162,16.37,2.34,Card,19.6,Completed,55.7
UK,Birmingham,CS-1407,DC Fast,Nissan Leaf,Nissan,40,6-Feb-25,6-Feb-25,149,39.11,4.71,Subscription,15.3,Failed,54.3
Canada,Vancouver,CS-4993,DC Fast,Tesla Model 3,Tesla,60,10-Jan-25,10-Jan-25,177,26.28,5.57,Card,9.3,Completed,37.6
Germany,Hamburg,CS-3546,DC Fast,Audi e-tron,Audi,95,29-Mar-25,29-Mar-25,49,8.99,2.37,Card,28.2,Failed,47.2
Norway,Trondheim,CS-4039,Level 2,BMW i3,BMW,42,7-Mar-25,7-Mar-25,49,7.33,2.44,Card,6.7,Completed,73.3
USA,Los Angeles,CS-6821,Level 2,Hyundai Kona Electric,Hyundai,64,17-Jan-25,17-Jan-25,146,28.5,9.82,App,-3.5,Failed,25.3
India,Mumbai,CS-1852,Level 2,Audi e-tron,Audi,95,5-Feb-25,5-Feb-25,84,16.2,3.41,Subscription,12.6,Aborted,37.1
UK,Manchester,CS-9618,Level 1,Kia EV6,Kia,77,22-Feb-25,22-Feb-25,109,71.55,18.3,Subscription,12,Aborted,58.2
UK,Birmingham,CS-4554,Level 2,Hyundai Kona Electric,Hyundai,64,17-Jan-25,17-Jan-25,97,11.05,2.19,App,12.8,Failed,44.1
Norway,Bergen,CS-2552,DC Fast,Kia EV6,Kia,77,27-Feb-25,27-Feb-25,25,57.33,21.41,App,6,Completed,16
Canada,Vancouver,CS-2294,DC Fast,Renault Zoe,Renault,52,26-Feb-25,26-Feb-25,55,49.78,7.11,Subscription,26.3,Completed,20.1
France,Nice,CS-1285,DC Fast,Audi e-tron,Audi,95,28-Mar-25,28-Mar-25,107,39.46,10.66,Card,22.2,Aborted,39.8
Germany,Hamburg,CS-5862,Level 2,BMW i3,BMW,42,27-Feb-25,27-Feb-25,150,18.58,3.61,Card,33.4,Completed,68.9
Norway,Trondheim,CS-4361,DC Fast,Porsche Taycan,Porsche,93,13-Feb-25,13-Feb-25,158,15.36,5.11,App,3.6,Failed,32.8
Norway,Oslo,CS-6126,DC Fast,Nissan Leaf,Nissan,40,6-Feb-25,6-Feb-25,49,34.85,8.21,App,34.9,Failed,87.4
India,Bangalore,CS-1880,Level 2,Audi e-tron,Audi,95,20-Mar-25,20-Mar-25,31,54.5,10.2,Card,23.5,Failed,61
India,Bangalore,CS-3771,Level 1,Chevy Bolt,Chevrolet,66,18-Mar-25,18-Mar-25,46,65.09,21.98,App,-3.9,Failed,55.8
Norway,Trondheim,CS-6689,Level 2,BMW i3,BMW,42,17-Mar-25,17-Mar-25,171,37.72,4.52,Subscription,23.8,Failed,42.9
Canada,Montreal,CS-9233,Level 2,Nissan Leaf,Nissan,40,16-Mar-25,16-Mar-25,47,39.03,11.42,App,22.2,Aborted,20.3
Japan,Yokohama,CS-2162,DC Fast,BYD Han,BYD,76,6-Mar-25,6-Mar-25,61,59.51,8.25,Card,28.3,Failed,22.2
UK,London,CS-2040,Level 2,Audi e-tron,Audi,95,23-Mar-25,23-Mar-25,72,36.14,13.82,Card,5,Failed,86.5
China,Beijing,CS-3318,Level 1,Hyundai Kona Electric,Hyundai,64,7-Apr-25,7-Apr-25,172,36.48,9.15,Subscription,32.7,Completed,23.7
Australia,Brisbane,CS-3067,Level 1,BYD Han,BYD,76,14-Mar-25,14-Mar-25,101,64.82,17.44,Card,-3.2,Failed,71.7
China,Shenzhen,CS-1579,Level 2,Chevy Bolt,Chevrolet,66,14-Feb-25,14-Feb-25,161,30.41,8.87,Subscription,16.8,Failed,86.5
Norway,Oslo,CS-3393,Level 1,Porsche Taycan,Porsche,93,10-Jan-25,10-Jan-25,91,44.91,13.77,App,11.6,Aborted,26.3
Australia,Sydney,CS-9385,Level 2,Audi e-tron,Audi,95,7-Mar-25,7-Mar-25,96,71.08,25.46,Card,25.4,Failed,54.9
India,Mumbai,CS-5034,Level 1,Kia EV6,Kia,77,12-Mar-25,12-Mar-25,46,24.26,4.23,Card,6.6,Aborted,79.1
Canada,Toronto,CS-2046,Level 1,BMW i3,BMW,42,4-Apr-25,4-Apr-25,98,39.55,12.51,Card,14.9,Failed,47.3
China,Shanghai,CS-5868,Level 1,Tesla Model 3,Tesla,60,27-Jan-25,27-Jan-25,38,56.99,14.34,Card,18.3,Completed,14
Norway,Trondheim,CS-9112,Level 2,Kia EV6,Kia,77,3-Apr-25,3-Apr-25,88,43.64,15.46,Card,30.3,Failed,39.3
Canada,Vancouver,CS-3809,Level 2,Tesla Model 3,Tesla,60,14-Jan-25,14-Jan-25,117,7.81,2.1,Subscription,6.5,Aborted,50.3
Japan,Osaka,CS-7085,Level 2,BYD Han,BYD,76,1-Feb-25,1-Feb-25,171,13.44,5.28,App,26.8,Aborted,54.6
India,Mumbai,CS-4874,Level 1,Chevy Bolt,Chevrolet,66,5-Mar-25,5-Mar-25,169,36.06,9.02,Card,0.5,Aborted,74.3
Japan,Osaka,CS-1617,DC Fast,BMW i3,BMW,42,6-Mar-25,6-Mar-25,170,38.05,5.4,App,1.5,Failed,69.1
China,Shenzhen,CS-2997,DC Fast,Audi e-tron,Audi,95,21-Feb-25,21-Feb-25,144,79.55,20.66,Subscription,7,Completed,39.5
Germany,Munich,CS-3938,DC Fast,BYD Han,BYD,76,1-Feb-25,1-Feb-25,93,61.57,19.55,Subscription,-3.9,Aborted,31.2
Australia,Brisbane,CS-9848,DC Fast,Chevy Bolt,Chevrolet,66,6-Apr-25,6-Apr-25,28,40.59,6.14,Subscription,19.8,Aborted,21.8
France,Paris,CS-5703,Level 2,BYD Han,BYD,76,17-Feb-25,17-Feb-25,43,18.55,4.31,Card,11.5,Completed,42.8
Australia,Melbourne,CS-7420,DC Fast,Tesla Model 3,Tesla,60,18-Feb-25,18-Feb-25,50,33.53,8.99,App,16,Aborted,86.5
Norway,Trondheim,CS-7483,DC Fast,Audi e-tron,Audi,95,6-Mar-25,6-Mar-25,154,36.89,12.23,Subscription,20.7,Failed,31.1
Norway,Oslo,CS-5332,Level 2,Chevy Bolt,Chevrolet,66,11-Feb-25,11-Feb-25,86,39.04,6.54,App,23.2,Failed,66.4
India,Delhi,CS-8920,Level 2,Audi e-tron,Audi,95,4-Apr-25,4-Apr-25,158,89.03,30.15,App,-0.1,Failed,53.5
Canada,Vancouver,CS-7783,Level 1,BMW i3,BMW,42,5-Mar-25,5-Mar-25,89,6.56,2.54,App,32,Failed,30.5
Norway,Oslo,CS-5623,Level 2,Chevy Bolt,Chevrolet,66,2-Apr-25,2-Apr-25,152,21.54,5.79,Card,-0.6,Failed,56.9
France,Paris,CS-1095,Level 2,Renault Zoe,Renault,52,25-Jan-25,25-Jan-25,72,34.98,4.05,App,23.7,Completed,64.5
UK,London,CS-9731,Level 2,Renault Zoe,Renault,52,16-Mar-25,17-Mar-25,55,24.12,9.18,App,21,Aborted,35.7
USA,New York,CS-4813,Level 1,BYD Han,BYD,76,9-Feb-25,9-Feb-25,74,43,13.63,Card,11.7,Completed,84.7
USA,Los Angeles,CS-5191,Level 2,Kia EV6,Kia,77,19-Jan-25,19-Jan-25,62,72.44,28.15,Card,-4.6,Failed,58.2
India,Delhi,CS-7278,Level 1,Kia EV6,Kia,77,23-Jan-25,23-Jan-25,179,44.12,10.95,Subscription,13.7,Completed,74.7
India,Mumbai,CS-8582,DC Fast,Kia EV6,Kia,77,11-Jan-25,11-Jan-25,180,23.52,3.67,App,26.6,Failed,64
France,Paris,CS-6879,DC Fast,BYD Han,BYD,76,1-Apr-25,1-Apr-25,178,68.69,23.91,App,-1.5,Failed,17.6
UK,Manchester,CS-9725,Level 2,Audi e-tron,Audi,95,18-Mar-25,18-Mar-25,78,5.61,1.21,App,33.2,Aborted,56.6
Australia,Sydney,CS-7368,Level 1,Hyundai Kona Electric,Hyundai,64,20-Feb-25,20-Feb-25,107,45.87,5.44,App,7.3,Aborted,64.9
China,Shenzhen,CS-5234,DC Fast,Nissan Leaf,Nissan,40,7-Apr-25,7-Apr-25,178,37.06,6.99,Card,3.8,Completed,48.3
Norway,Trondheim,CS-2989,Level 2,BYD Han,BYD,76,13-Jan-25,13-Jan-25,110,34.53,9.14,Subscription,27.1,Completed,70.9
Australia,Sydney,CS-1049,DC Fast,Renault Zoe,Renault,52,10-Jan-25,10-Jan-25,129,29.82,6.22,Card,-2.5,Failed,82.2
France,Nice,CS-9609,Level 2,Renault Zoe,Renault,52,23-Mar-25,23-Mar-25,53,12.73,4.54,Card,22.2,Failed,56.7
Germany,Hamburg,CS-1321,Level 2,Kia EV6,Kia,77,23-Mar-25,23-Mar-25,29,37.65,9.56,Subscription,-2.7,Aborted,63.8
China,Shenzhen,CS-6964,Level 1,Tesla Model 3,Tesla,60,27-Jan-25,27-Jan-25,116,19,1.92,Subscription,-2.1,Aborted,37.6
Germany,Hamburg,CS-1968,Level 2,Tesla Model 3,Tesla,60,28-Mar-25,28-Mar-25,32,59.24,14.31,App,2.2,Completed,71.3
Canada,Vancouver,CS-3057,Level 2,Porsche Taycan,Porsche,93,26-Jan-25,26-Jan-25,129,81.53,30.33,Card,22.3,Failed,80
UK,Birmingham,CS-5321,DC Fast,Audi e-tron,Audi,95,18-Jan-25,18-Jan-25,45,21.06,5.5,Card,24.1,Completed,76.8
USA,Los Angeles,CS-8585,Level 1,Kia EV6,Kia,77,14-Jan-25,14-Jan-25,154,35.54,7.6,Card,13.4,Completed,32.1
Germany,Berlin,CS-6151,Level 1,Porsche Taycan,Porsche,93,25-Mar-25,25-Mar-25,172,72.41,26.44,Card,3.2,Completed,57.5
Norway,Trondheim,CS-4312,Level 1,Tesla Model 3,Tesla,60,27-Jan-25,27-Jan-25,77,45.73,10.09,Subscription,3.7,Completed,21.2
China,Beijing,CS-9219,Level 2,BYD Han,BYD,76,25-Jan-25,25-Jan-25,96,46,15.26,Card,7.1,Completed,88.9
Japan,Tokyo,CS-8099,DC Fast,Porsche Taycan,Porsche,93,14-Mar-25,14-Mar-25,91,29.21,7.8,Subscription,31.5,Failed,64.3
Japan,Osaka,CS-2520,DC Fast,Tesla Model 3,Tesla,60,5-Feb-25,5-Feb-25,103,56.79,17.12,App,22.9,Aborted,21.9
Canada,Toronto,CS-1998,DC Fast,Renault Zoe,Renault,52,28-Feb-25,28-Feb-25,136,16.33,2.74,Card,27.2,Completed,55
Canada,Montreal,CS-3947,Level 2,Renault Zoe,Renault,52,4-Apr-25,4-Apr-25,49,23.26,4.11,Subscription,-1.8,Aborted,77.8
Germany,Hamburg,CS-1803,DC Fast,Chevy Bolt,Chevrolet,66,16-Mar-25,16-Mar-25,28,21.38,6.46,Card,29.9,Completed,74.4
Australia,Brisbane,CS-6243,Level 2,Renault Zoe,Renault,52,25-Jan-25,25-Jan-25,70,27.53,9.93,App,33.3,Completed,26.9
France,Nice,CS-2050,DC Fast,Nissan Leaf,Nissan,40,24-Mar-25,24-Mar-25,137,37.01,11.42,Card,10.9,Completed,54.2
China,Shanghai,CS-8598,Level 2,Kia EV6,Kia,77,26-Jan-25,26-Jan-25,151,51.71,9.96,Subscription,30.3,Aborted,17.9
Norway,Bergen,CS-9467,Level 1,Chevy Bolt,Chevrolet,66,14-Feb-25,14-Feb-25,109,24.09,2.74,Subscription,0.8,Aborted,54.3
Australia,Brisbane,CS-6950,Level 2,Porsche Taycan,Porsche,93,23-Mar-25,23-Mar-25,90,18.41,3.66,Subscription,28.3,Aborted,54.1
India,Delhi,CS-9852,DC Fast,Kia EV6,Kia,77,17-Jan-25,17-Jan-25,179,58.25,13.88,App,1.8,Failed,53.7
UK,Birmingham,CS-6010,DC Fast,Tesla Model 3,Tesla,60,14-Feb-25,14-Feb-25,149,6.86,2.43,Card,25.6,Aborted,21
France,Paris,CS-6962,Level 1,BMW i3,BMW,42,14-Mar-25,14-Mar-25,17,13.09,3.1,Subscription,20.5,Failed,83
Norway,Oslo,CS-4415,DC Fast,Tesla Model 3,Tesla,60,4-Apr-25,5-Apr-25,151,35.34,3.66,Subscription,6,Aborted,11.4
Canada,Toronto,CS-1671,DC Fast,Nissan Leaf,Nissan,40,5-Mar-25,5-Mar-25,39,23.35,4.02,Subscription,5.1,Aborted,31.4
Canada,Toronto,CS-4164,DC Fast,Audi e-tron,Audi,95,6-Feb-25,6-Feb-25,118,46.31,8.01,Card,7,Completed,62.3
USA,New York,CS-6933,DC Fast,Porsche Taycan,Porsche,93,14-Mar-25,14-Mar-25,112,38.19,9.27,Card,23.1,Completed,50
Canada,Montreal,CS-2409,DC Fast,Audi e-tron,Audi,95,12-Jan-25,12-Jan-25,159,92.96,36.45,Card,4.2,Failed,81
Norway,Bergen,CS-8294,DC Fast,Tesla Model 3,Tesla,60,15-Feb-25,15-Feb-25,34,42.64,7.85,Subscription,21.3,Completed,84.3
India,Mumbai,CS-6440,Level 2,Chevy Bolt,Chevrolet,66,19-Feb-25,19-Feb-25,165,13.8,4.78,Card,7,Failed,29.2
Canada,Montreal,CS-5269,DC Fast,Renault Zoe,Renault,52,11-Jan-25,11-Jan-25,99,23.04,7.42,Subscription,-1.9,Failed,87.9
USA,New York,CS-5687,DC Fast,Porsche Taycan,Porsche,93,12-Feb-25,12-Feb-25,74,78.8,15.93,Subscription,10.9,Aborted,12.4
China,Shanghai,CS-2501,Level 2,Kia EV6,Kia,77,13-Feb-25,14-Feb-25,73,30.62,11.71,Card,22.2,Failed,40.4
Australia,Melbourne,CS-4242,DC Fast,Chevy Bolt,Chevrolet,66,23-Feb-25,23-Feb-25,33,10,1.46,Subscription,1.2,Aborted,35.3
Germany,Berlin,CS-7239,Level 1,Tesla Model 3,Tesla,60,9-Mar-25,9-Mar-25,93,29.46,9.67,Card,-1.5,Aborted,45.9
Japan,Yokohama,CS-7027,Level 1,Porsche Taycan,Porsche,93,14-Feb-25,14-Feb-25,41,7.31,1.51,Subscription,18.9,Aborted,79.1
USA,Los Angeles,CS-7626,DC Fast,Porsche Taycan,Porsche,93,28-Feb-25,28-Feb-25,114,73.57,23.36,Card,17.9,Completed,64.8
UK,London,CS-2475,Level 1,Hyundai Kona Electric,Hyundai,64,10-Jan-25,10-Jan-25,92,20.84,3,App,6,Aborted,48.7
Germany,Munich,CS-2922,DC Fast,Hyundai Kona Electric,Hyundai,64,26-Mar-25,26-Mar-25,78,47.53,11.82,Card,13.3,Completed,34.4
Canada,Vancouver,CS-4305,Level 2,BYD Han,BYD,76,22-Mar-25,23-Mar-25,112,62.09,12.35,App,27.6,Failed,87.9
UK,Manchester,CS-4179,Level 2,Audi e-tron,Audi,95,20-Jan-25,20-Jan-25,169,90.26,14.46,Card,33.6,Aborted,33.3
Norway,Trondheim,CS-6736,Level 2,Chevy Bolt,Chevrolet,66,26-Jan-25,26-Jan-25,98,27.94,9.64,App,-0.4,Failed,26
Japan,Tokyo,CS-8074,DC Fast,Renault Zoe,Renault,52,19-Feb-25,19-Feb-25,21,49.79,11.87,Card,12.5,Aborted,76.5
Germany,Munich,CS-4213,DC Fast,Kia EV6,Kia,77,7-Mar-25,7-Mar-25,50,50.6,8.73,Card,23.6,Aborted,15.9
Australia,Melbourne,CS-4065,DC Fast,BYD Han,BYD,76,9-Jan-25,9-Jan-25,117,42.94,16.19,App,16.7,Aborted,66.1
Japan,Yokohama,CS-2100,Level 2,Nissan Leaf,Nissan,40,6-Feb-25,6-Feb-25,42,31.91,9.49,Card,20.9,Completed,55.1
Canada,Vancouver,CS-2534,DC Fast,Porsche Taycan,Porsche,93,10-Mar-25,10-Mar-25,42,5.93,1.05,Subscription,15.8,Failed,65
France,Lyon,CS-8990,DC Fast,Audi e-tron,Audi,95,2-Feb-25,2-Feb-25,115,46.68,14.18,Subscription,1,Completed,48.6
China,Shanghai,CS-5786,Level 2,Nissan Leaf,Nissan,40,9-Jan-25,9-Jan-25,44,34.1,10.88,App,8.7,Completed,51.7
India,Delhi,CS-2902,Level 1,Nissan Leaf,Nissan,40,22-Jan-25,22-Jan-25,127,30.27,7.14,App,-3.2,Failed,19.2
India,Bangalore,CS-9440,DC Fast,Nissan Leaf,Nissan,40,18-Feb-25,18-Feb-25,57,37.55,12.1,Card,17.1,Aborted,54.8
Norway,Oslo,CS-6199,Level 2,Porsche Taycan,Porsche,93,27-Jan-25,27-Jan-25,176,21.23,6.2,App,-3.8,Failed,80.6
Norway,Trondheim,CS-6181,Level 2,Porsche Taycan,Porsche,93,22-Feb-25,22-Feb-25,114,5.39,0.89,Subscription,27.3,Completed,56.2
Japan,Tokyo,CS-5677,DC Fast,Audi e-tron,Audi,95,20-Jan-25,20-Jan-25,98,22.74,3.05,App,16.1,Failed,35.1
Canada,Montreal,CS-4328,Level 2,Porsche Taycan,Porsche,93,8-Feb-25,8-Feb-25,165,15.05,3.09,Subscription,1.9,Failed,66.5
China,Shenzhen,CS-5552,Level 1,BYD Han,BYD,76,23-Jan-25,23-Jan-25,36,52.72,10.23,App,-0.3,Aborted,65.5
Japan,Osaka,CS-9080,Level 1,Porsche Taycan,Porsche,93,17-Mar-25,17-Mar-25,167,17.13,3.68,App,20.4,Failed,83.5
UK,Birmingham,CS-2758,Level 2,BMW i3,BMW,42,8-Jan-25,8-Jan-25,140,15.69,2.45,Subscription,-2.9,Aborted,86.1
Norway,Oslo,CS-3834,Level 2,Chevy Bolt,Chevrolet,66,13-Mar-25,14-Mar-25,113,63.79,16.05,App,22.4,Aborted,66.8
Norway,Bergen,CS-2159,Level 1,BMW i3,BMW,42,9-Jan-25,9-Jan-25,36,25.92,8.78,App,-3.7,Completed,53
UK,Manchester,CS-8935,Level 1,BYD Han,BYD,76,21-Feb-25,21-Feb-25,141,44.03,5.9,App,26,Aborted,53.4
USA,San Francisco,CS-1770,DC Fast,Kia EV6,Kia,77,9-Jan-25,9-Jan-25,154,20.74,4.72,Subscription,25.1,Aborted,80
USA,Los Angeles,CS-6301,Level 1,Hyundai Kona Electric,Hyundai,64,12-Jan-25,12-Jan-25,104,55.87,7.04,Card,3.4,Failed,57
India,Bangalore,CS-4694,Level 1,BYD Han,BYD,76,6-Apr-25,6-Apr-25,176,35.4,10.08,Card,27.2,Failed,38.1
China,Shenzhen,CS-7182,Level 2,Renault Zoe,Renault,52,1-Mar-25,2-Mar-25,58,20.21,6.29,Subscription,5.7,Failed,88.8
Germany,Berlin,CS-9591,Level 1,Porsche Taycan,Porsche,93,25-Feb-25,25-Feb-25,30,92.34,33.25,Subscription,29.6,Completed,21.7
India,Mumbai,CS-5305,DC Fast,Porsche Taycan,Porsche,93,16-Feb-25,16-Feb-25,140,17.51,5.07,App,10,Completed,60.7
Germany,Munich,CS-4932,Level 2,Renault Zoe,Renault,52,19-Feb-25,19-Feb-25,86,37.65,13.67,App,8.1,Completed,79.5
Germany,Hamburg,CS-4423,Level 1,Kia EV6,Kia,77,22-Mar-25,22-Mar-25,177,52.82,10.96,Subscription,10.9,Aborted,76
Norway,Bergen,CS-8272,DC Fast,Audi e-tron,Audi,95,14-Jan-25,14-Jan-25,87,35.4,9.68,App,26.5,Failed,71
USA,New York,CS-7574,Level 2,Kia EV6,Kia,77,20-Feb-25,20-Feb-25,19,13.95,4.98,App,-5,Aborted,26.2
UK,Birmingham,CS-5617,Level 1,Hyundai Kona Electric,Hyundai,64,5-Mar-25,5-Mar-25,55,56.59,20.54,Subscription,9.4,Completed,39.7
UK,London,CS-8855,Level 1,Porsche Taycan,Porsche,93,7-Mar-25,7-Mar-25,175,31.88,9.88,App,21.2,Failed,17.6
France,Lyon,CS-9313,Level 2,Nissan Leaf,Nissan,40,10-Mar-25,10-Mar-25,48,25.78,6.6,Card,-4.7,Aborted,75.4
Canada,Montreal,CS-2474,DC Fast,BMW i3,BMW,42,5-Mar-25,5-Mar-25,137,7.62,1.64,Card,-0.9,Aborted,80.5
UK,Manchester,CS-7056,DC Fast,BMW i3,BMW,42,13-Mar-25,13-Mar-25,179,41.74,5.96,Subscription,-4.7,Failed,23.1
India,Bangalore,CS-7943,DC Fast,Chevy Bolt,Chevrolet,66,14-Mar-25,14-Mar-25,175,50.64,19.04,Subscription,12.7,Completed,16.9
Germany,Berlin,CS-7765,Level 2,Nissan Leaf,Nissan,40,9-Mar-25,9-Mar-25,165,30.55,6.28,App,26.6,Completed,32.2
Germany,Berlin,CS-6162,DC Fast,Renault Zoe,Renault,52,3-Apr-25,3-Apr-25,168,33.2,9.37,Card,28.9,Failed,80.1
France,Nice,CS-7617,DC Fast,BYD Han,BYD,76,31-Jan-25,31-Jan-25,145,18.39,4,Card,26.4,Completed,49.6
Germany,Berlin,CS-5555,Level 1,Kia EV6,Kia,77,20-Jan-25,20-Jan-25,178,47.76,12.35,App,32.4,Completed,40.9
Australia,Melbourne,CS-3034,Level 1,Audi e-tron,Audi,95,5-Mar-25,5-Mar-25,154,66.46,21.85,Card,18.5,Completed,31
USA,New York,CS-4796,Level 2,Porsche Taycan,Porsche,93,24-Jan-25,24-Jan-25,144,30.21,9.48,App,23.1,Completed,61.2
Japan,Yokohama,CS-3687,Level 1,BMW i3,BMW,42,18-Jan-25,18-Jan-25,86,8.09,1,Card,16.5,Aborted,56.9
Germany,Munich,CS-2569,Level 2,Porsche Taycan,Porsche,93,22-Mar-25,22-Mar-25,76,10.1,1.27,Card,13.1,Failed,14.4
UK,London,CS-3007,Level 2,Tesla Model 3,Tesla,60,3-Feb-25,3-Feb-25,50,43.58,6.5,Subscription,15.7,Failed,30.7
India,Mumbai,CS-8642,Level 2,Hyundai Kona Electric,Hyundai,64,29-Mar-25,29-Mar-25,45,50.51,5.5,App,16,Aborted,67
Australia,Brisbane,CS-1603,Level 2,Nissan Leaf,Nissan,40,7-Mar-25,7-Mar-25,142,20.93,4.35,Subscription,1.7,Completed,30.4
Germany,Hamburg,CS-9234,Level 1,Nissan Leaf,Nissan,40,14-Feb-25,14-Feb-25,73,30.93,3.12,Card,-3.2,Aborted,40.6
UK,London,CS-4166,DC Fast,Tesla Model 3,Tesla,60,19-Mar-25,19-Mar-25,156,49.17,15.45,App,4,Completed,43.3
India,Delhi,CS-7389,Level 1,Nissan Leaf,Nissan,40,19-Mar-25,19-Mar-25,161,18.05,4.52,Card,3.9,Failed,88.5
Canada,Toronto,CS-3564,Level 1,Kia EV6,Kia,77,5-Mar-25,5-Mar-25,87,60.69,11.73,Subscription,13.3,Aborted,26.1
Australia,Melbourne,CS-4009,Level 2,BYD Han,BYD,76,28-Jan-25,28-Jan-25,77,37.94,10.53,Card,24.3,Failed,70.8
France,Paris,CS-3970,DC Fast,Tesla Model 3,Tesla,60,3-Mar-25,3-Mar-25,119,6.32,1.66,Subscription,30.1,Aborted,10.1
Canada,Montreal,CS-9262,Level 2,Hyundai Kona Electric,Hyundai,64,19-Mar-25,19-Mar-25,41,17.11,6.76,App,33.4,Completed,66.9
Germany,Berlin,CS-3011,Level 2,Chevy Bolt,Chevrolet,66,24-Mar-25,25-Mar-25,148,30.2,11.13,Subscription,-1.6,Completed,50.4
Canada,Toronto,CS-7877,Level 1,BYD Han,BYD,76,9-Feb-25,9-Feb-25,160,9.42,2.81,Card,6.7,Aborted,84.1
Canada,Montreal,CS-2598,Level 1,Audi e-tron,Audi,95,11-Feb-25,11-Feb-25,96,45.75,7.78,Card,26.2,Failed,18.7
Germany,Berlin,CS-1586,Level 2,Kia EV6,Kia,77,1-Mar-25,1-Mar-25,134,27.61,3.76,Card,13.1,Aborted,31.2
Germany,Berlin,CS-1836,Level 1,BMW i3,BMW,42,3-Apr-25,4-Apr-25,92,35.58,11,Card,28.4,Aborted,21.9
France,Lyon,CS-7332,Level 1,Porsche Taycan,Porsche,93,5-Feb-25,6-Feb-25,146,9.31,1.77,Card,33.1,Aborted,54.5
Japan,Tokyo,CS-5766,Level 1,Nissan Leaf,Nissan,40,3-Mar-25,3-Mar-25,133,8.57,2.9,Card,-2.5,Completed,20.5
Canada,Vancouver,CS-2734,Level 1,Nissan Leaf,Nissan,40,8-Jan-25,8-Jan-25,164,25.51,9.57,Card,34.9,Completed,82.2
Norway,Oslo,CS-3177,Level 1,Nissan Leaf,Nissan,40,4-Mar-25,4-Mar-25,99,9.29,3.56,Card,32,Aborted,75.7
Canada,Vancouver,CS-2367,Level 1,Tesla Model 3,Tesla,60,5-Feb-25,5-Feb-25,112,42.58,6.47,Card,6,Aborted,80.7
USA,San Francisco,CS-4033,Level 2,BYD Han,BYD,76,23-Mar-25,24-Mar-25,172,22.45,4.23,Subscription,14.2,Completed,32.4
UK,Manchester,CS-2080,DC Fast,Chevy Bolt,Chevrolet,66,27-Jan-25,27-Jan-25,179,58.96,15.2,Subscription,26.8,Aborted,72.6
India,Delhi,CS-7752,Level 2,Renault Zoe,Renault,52,11-Jan-25,11-Jan-25,139,21.17,5.71,App,5.8,Completed,35.5
France,Paris,CS-6860,Level 2,Hyundai Kona Electric,Hyundai,64,7-Apr-25,7-Apr-25,29,52.71,12.73,Subscription,35,Completed,18
France,Lyon,CS-9347,DC Fast,Renault Zoe,Renault,52,28-Mar-25,28-Mar-25,29,40.91,15.72,App,9.2,Completed,24.1
Australia,Melbourne,CS-6927,DC Fast,Audi e-tron,Audi,95,6-Feb-25,7-Feb-25,166,7.54,2.34,Subscription,0.7,Completed,76.9
Norway,Trondheim,CS-2250,Level 1,Hyundai Kona Electric,Hyundai,64,10-Mar-25,10-Mar-25,59,33.94,4.31,Subscription,3.8,Failed,48.2
India,Bangalore,CS-2312,Level 2,Chevy Bolt,Chevrolet,66,3-Feb-25,3-Feb-25,48,25.79,3.95,Card,-4.1,Failed,66.4
UK,London,CS-3022,DC Fast,Renault Zoe,Renault,52,3-Apr-25,3-Apr-25,108,50.15,10.64,App,18.4,Aborted,34.1
UK,London,CS-4859,Level 1,Porsche Taycan,Porsche,93,10-Feb-25,10-Feb-25,178,89.54,26.39,Subscription,33.7,Failed,81.2
Australia,Melbourne,CS-6970,DC Fast,Chevy Bolt,Chevrolet,66,17-Feb-25,17-Feb-25,165,54.68,11.68,Subscription,6.8,Completed,68.3
Australia,Melbourne,CS-6245,DC Fast,BYD Han,BYD,76,21-Jan-25,21-Jan-25,23,17.93,3.5,Card,20.6,Completed,84.9
UK,Manchester,CS-4077,DC Fast,Nissan Leaf,Nissan,40,31-Mar-25,1-Apr-25,75,17.14,3.36,Card,27.9,Failed,61.1
India,Delhi,CS-3182,Level 2,Tesla Model 3,Tesla,60,24-Jan-25,24-Jan-25,82,16.53,5.09,App,26.5,Failed,10.1
Canada,Vancouver,CS-8555,Level 2,Porsche Taycan,Porsche,93,20-Mar-25,20-Mar-25,57,82.84,20.54,App,16.8,Completed,76.3
Australia,Brisbane,CS-7590,Level 1,Chevy Bolt,Chevrolet,66,19-Feb-25,19-Feb-25,56,32.53,11.05,App,-4.2,Aborted,86.1
Germany,Munich,CS-6265,Level 1,BMW i3,BMW,42,5-Mar-25,5-Mar-25,111,10.95,1.34,App,18.8,Failed,81.5
USA,Los Angeles,CS-6942,Level 1,BMW i3,BMW,42,26-Jan-25,26-Jan-25,170,37.92,5.58,App,3.2,Completed,42.7
Japan,Yokohama,CS-5730,Level 1,Renault Zoe,Renault,52,17-Mar-25,17-Mar-25,82,36.05,6.82,Card,10.7,Failed,77.2
UK,London,CS-8620,DC Fast,Audi e-tron,Audi,95,11-Feb-25,11-Feb-25,15,43.48,8.19,Subscription,19,Completed,17.8
France,Paris,CS-4157,Level 2,Hyundai Kona Electric,Hyundai,64,28-Feb-25,28-Feb-25,35,32.94,4.44,App,14.6,Failed,31.2
Japan,Osaka,CS-6473,Level 2,BMW i3,BMW,42,10-Jan-25,10-Jan-25,109,37.76,7.96,Card,5.5,Aborted,31.1
China,Shenzhen,CS-5819,Level 1,Tesla Model 3,Tesla,60,22-Feb-25,22-Feb-25,53,46.37,13.92,Subscription,8.8,Failed,43.1
Australia,Sydney,CS-2588,Level 2,Renault Zoe,Renault,52,17-Jan-25,17-Jan-25,30,44.52,15.38,Subscription,22.5,Aborted,55.8
France,Lyon,CS-2139,Level 1,Hyundai Kona Electric,Hyundai,64,10-Jan-25,10-Jan-25,35,28.29,10.08,Subscription,17.8,Failed,74
Australia,Sydney,CS-4131,Level 1,Nissan Leaf,Nissan,40,1-Mar-25,1-Mar-25,129,11.05,4.37,Card,0,Aborted,16.3
Canada,Toronto,CS-4126,Level 1,BMW i3,BMW,42,2-Apr-25,2-Apr-25,167,14.54,5.43,Card,10.5,Aborted,54.2
China,Shenzhen,CS-2197,DC Fast,Kia EV6,Kia,77,4-Mar-25,4-Mar-25,18,61.63,17.68,App,-0.5,Completed,21.9
Australia,Brisbane,CS-3602,Level 2,Nissan Leaf,Nissan,40,2-Feb-25,2-Feb-25,42,24.69,3.22,Subscription,30.2,Aborted,31.1
Norway,Trondheim,CS-6766,Level 1,BYD Han,BYD,76,31-Mar-25,31-Mar-25,136,7.66,1.4,Subscription,19.3,Failed,42.1
Canada,Vancouver,CS-2258,Level 2,Chevy Bolt,Chevrolet,66,11-Jan-25,11-Jan-25,27,50.49,19,Card,8.5,Aborted,34.9
Norway,Trondheim,CS-3961,Level 2,Nissan Leaf,Nissan,40,9-Mar-25,9-Mar-25,73,9.7,3.8,App,5.8,Aborted,58.4
Germany,Berlin,CS-8753,Level 2,Kia EV6,Kia,77,30-Mar-25,30-Mar-25,69,70.77,15.72,Subscription,29.7,Completed,51.2
UK,London,CS-2419,DC Fast,Hyundai Kona Electric,Hyundai,64,9-Jan-25,9-Jan-25,144,28.8,9.62,Subscription,-3.8,Completed,80
France,Paris,CS-9798,DC Fast,Chevy Bolt,Chevrolet,66,18-Feb-25,18-Feb-25,23,32.84,12.33,Card,6,Aborted,50.4
Germany,Hamburg,CS-2857,Level 1,Tesla Model 3,Tesla,60,18-Jan-25,18-Jan-25,76,25.49,7.09,App,18.5,Aborted,37.5
China,Shenzhen,CS-6312,DC Fast,Nissan Leaf,Nissan,40,7-Mar-25,7-Mar-25,87,5.96,0.68,Card,29.3,Failed,28
France,Lyon,CS-2921,DC Fast,Porsche Taycan,Porsche,93,22-Jan-25,22-Jan-25,146,6.76,2.26,Card,14,Completed,61.8
Australia,Sydney,CS-2077,DC Fast,Chevy Bolt,Chevrolet,66,27-Mar-25,27-Mar-25,79,42.11,16.12,Subscription,20.7,Aborted,81.6
India,Delhi,CS-2958,DC Fast,Hyundai Kona Electric,Hyundai,64,30-Mar-25,30-Mar-25,70,32.54,9.86,App,18.4,Completed,50.9
India,Bangalore,CS-7471,Level 2,BYD Han,BYD,76,18-Mar-25,18-Mar-25,170,25.07,7.65,Card,8.5,Aborted,61.2
China,Shanghai,CS-3937,Level 1,Hyundai Kona Electric,Hyundai,64,23-Jan-25,23-Jan-25,63,13.85,4.57,Subscription,11.2,Aborted,64.5
USA,San Francisco,CS-9561,Level 2,Kia EV6,Kia,77,25-Jan-25,25-Jan-25,90,23.68,5.34,Subscription,-3.6,Failed,89.6
France,Lyon,CS-3515,DC Fast,Chevy Bolt,Chevrolet,66,20-Jan-25,20-Jan-25,151,43.94,10.67,App,15.3,Completed,77.3
Japan,Tokyo,CS-8430,DC Fast,Hyundai Kona Electric,Hyundai,64,18-Mar-25,18-Mar-25,39,32.78,10.56,Subscription,25.5,Completed,85.8
India,Bangalore,CS-8443,Level 2,Nissan Leaf,Nissan,40,2-Mar-25,2-Mar-25,71,17.43,5.63,App,26.5,Aborted,39.7
Australia,Melbourne,CS-3921,DC Fast,Kia EV6,Kia,77,5-Apr-25,5-Apr-25,45,38.88,13.99,Subscription,32.8,Completed,47.8
France,Nice,CS-7207,Level 1,Nissan Leaf,Nissan,40,15-Feb-25,15-Feb-25,112,23.54,5.27,Card,34.7,Aborted,42.7
Australia,Melbourne,CS-8754,Level 1,BMW i3,BMW,42,10-Feb-25,10-Feb-25,95,36.91,5.69,App,8.3,Completed,35.1
USA,New York,CS-5398,DC Fast,Kia EV6,Kia,77,19-Jan-25,19-Jan-25,85,20.08,6.67,Card,14.6,Completed,20.4
Canada,Montreal,CS-5971,Level 1,Porsche Taycan,Porsche,93,17-Mar-25,17-Mar-25,118,42.75,10.4,Card,16.4,Failed,39.8
USA,Los Angeles,CS-6008,DC Fast,Renault Zoe,Renault,52,25-Mar-25,25-Mar-25,63,5.84,0.59,Card,4.1,Aborted,35
Germany,Munich,CS-4570,Level 1,Renault Zoe,Renault,52,14-Mar-25,14-Mar-25,165,19.39,2.32,App,32.9,Aborted,68.2
Australia,Brisbane,CS-8426,Level 2,Audi e-tron,Audi,95,21-Feb-25,21-Feb-25,126,84.92,33.85,App,9.4,Completed,23.2
Canada,Toronto,CS-8849,DC Fast,Chevy Bolt,Chevrolet,66,23-Jan-25,23-Jan-25,72,49.36,6.88,Card,18.6,Completed,19.9
USA,Los Angeles,CS-4804,Level 1,Hyundai Kona Electric,Hyundai,64,22-Jan-25,22-Jan-25,151,41.76,11.62,Subscription,-0.7,Completed,13.9
Germany,Munich,CS-2355,DC Fast,Kia EV6,Kia,77,23-Jan-25,23-Jan-25,112,13.9,2.44,Card,3.2,Failed,60.4
China,Shanghai,CS-3727,Level 1,Nissan Leaf,Nissan,40,24-Feb-25,24-Feb-25,148,14.45,4.07,App,28.2,Completed,50.9
Australia,Sydney,CS-6917,DC Fast,Hyundai Kona Electric,Hyundai,64,12-Feb-25,12-Feb-25,44,51.3,12.79,Card,26.1,Failed,87.8
India,Bangalore,CS-7724,Level 1,Porsche Taycan,Porsche,93,19-Jan-25,19-Jan-25,90,19.11,5.05,Subscription,32.3,Aborted,28.8
USA,San Francisco,CS-5759,Level 1,Nissan Leaf,Nissan,40,19-Feb-25,19-Feb-25,43,34.23,10.29,Card,26.2,Completed,67.9
Germany,Munich,CS-8164,Level 2,Chevy Bolt,Chevrolet,66,24-Jan-25,24-Jan-25,131,65.31,12.33,Card,-1,Completed,79.9
China,Shanghai,CS-9627,Level 1,Audi e-tron,Audi,95,24-Mar-25,24-Mar-25,124,71.47,9.18,Card,29.1,Failed,61.8
India,Delhi,CS-6300,Level 2,Kia EV6,Kia,77,30-Mar-25,30-Mar-25,174,24.32,7.78,App,2.3,Aborted,42
Norway,Bergen,CS-6866,Level 1,Porsche Taycan,Porsche,93,28-Mar-25,28-Mar-25,137,75.39,22.21,Card,0.3,Failed,14.7
UK,London,CS-7145,Level 2,Porsche Taycan,Porsche,93,19-Feb-25,19-Feb-25,166,47.48,12.85,Card,19.5,Aborted,58.9
UK,Manchester,CS-7381,Level 1,Kia EV6,Kia,77,5-Mar-25,5-Mar-25,43,68.91,16,App,21.2,Completed,66.4
Japan,Yokohama,CS-5706,Level 2,BYD Han,BYD,76,27-Jan-25,27-Jan-25,159,20.9,8.08,Subscription,15.9,Failed,59.5
Canada,Montreal,CS-1763,Level 2,Chevy Bolt,Chevrolet,66,16-Jan-25,16-Jan-25,138,26.09,7.9,Card,28.6,Failed,81.4
Australia,Sydney,CS-3428,Level 2,Tesla Model 3,Tesla,60,10-Feb-25,10-Feb-25,179,56.39,14.19,App,29.8,Completed,70.1
India,Mumbai,CS-5905,DC Fast,Audi e-tron,Audi,95,14-Feb-25,14-Feb-25,86,9.53,1.59,App,11.1,Completed,16.3
Norway,Trondheim,CS-1838,Level 1,Kia EV6,Kia,77,10-Feb-25,10-Feb-25,37,66.67,15.61,App,24.8,Completed,18.2
Canada,Toronto,CS-9382,DC Fast,Renault Zoe,Renault,52,7-Mar-25,7-Mar-25,155,5.01,0.64,Subscription,20.5,Failed,55
Norway,Bergen,CS-5774,Level 2,Audi e-tron,Audi,95,15-Feb-25,15-Feb-25,28,78.49,27.73,Subscription,25.7,Failed,47.9
India,Bangalore,CS-8682,Level 1,Kia EV6,Kia,77,19-Mar-25,19-Mar-25,44,12.02,3.58,App,9.2,Failed,87.2
China,Shenzhen,CS-9573,Level 1,Renault Zoe,Renault,52,6-Apr-25,6-Apr-25,110,38,4.32,App,0.6,Failed,69.4
Canada,Toronto,CS-4816,Level 2,Hyundai Kona Electric,Hyundai,64,2-Apr-25,2-Apr-25,171,16.56,2.26,Card,13.3,Completed,67.3
Germany,Munich,CS-8512,Level 2,Tesla Model 3,Tesla,60,26-Jan-25,26-Jan-25,177,51.06,14.13,App,21.3,Failed,20.8
Norway,Oslo,CS-1659,DC Fast,Renault Zoe,Renault,52,22-Jan-25,22-Jan-25,27,31,7.13,App,32,Completed,65.3
UK,Birmingham,CS-4335,Level 2,BMW i3,BMW,42,23-Jan-25,23-Jan-25,41,19.33,5.42,Subscription,30.3,Aborted,88.4
France,Lyon,CS-4991,Level 1,Porsche Taycan,Porsche,93,9-Feb-25,9-Feb-25,102,90.4,21.32,Card,11.5,Failed,80.9
Japan,Osaka,CS-6013,DC Fast,Renault Zoe,Renault,52,26-Mar-25,26-Mar-25,95,38.46,14.64,Card,3,Failed,67.2
India,Bangalore,CS-3556,Level 2,BMW i3,BMW,42,5-Feb-25,5-Feb-25,60,23.64,7.29,Subscription,-0.4,Aborted,55
Australia,Brisbane,CS-2488,Level 1,Porsche Taycan,Porsche,93,23-Jan-25,23-Jan-25,151,30.16,10.68,Subscription,-0.7,Aborted,21.6
USA,New York,CS-5533,Level 1,Hyundai Kona Electric,Hyundai,64,16-Jan-25,16-Jan-25,56,63.03,19.23,Card,22.6,Aborted,26.3
Japan,Tokyo,CS-8757,DC Fast,Audi e-tron,Audi,95,16-Feb-25,16-Feb-25,130,14.22,5.13,Subscription,29.6,Failed,61.8
Canada,Toronto,CS-7681,Level 2,Renault Zoe,Renault,52,1-Mar-25,1-Mar-25,88,37.57,4.29,App,11.7,Failed,35
Japan,Tokyo,CS-1166,Level 2,Tesla Model 3,Tesla,60,5-Mar-25,5-Mar-25,79,16.17,5.83,Card,31.5,Failed,66.8
India,Bangalore,CS-9362,Level 1,Renault Zoe,Renault,52,29-Jan-25,29-Jan-25,169,14.23,4.52,App,13,Failed,16
UK,Birmingham,CS-4228,DC Fast,Renault Zoe,Renault,52,17-Jan-25,17-Jan-25,45,22.73,5.19,App,0.2,Failed,77.7
USA,Los Angeles,CS-4626,DC Fast,Kia EV6,Kia,77,13-Mar-25,13-Mar-25,54,7.88,2.98,Card,25.9,Failed,59.2
China,Shanghai,CS-6452,Level 2,BYD Han,BYD,76,8-Mar-25,8-Mar-25,155,30.42,10.2,Subscription,3.8,Completed,51.6
Japan,Tokyo,CS-1449,Level 1,Porsche Taycan,Porsche,93,6-Mar-25,7-Mar-25,154,52.26,6.67,Card,21.5,Aborted,38.9
France,Nice,CS-3155,DC Fast,Renault Zoe,Renault,52,17-Mar-25,17-Mar-25,136,51.84,17.99,Card,-0.4,Aborted,45.7
Australia,Brisbane,CS-9794,Level 1,Chevy Bolt,Chevrolet,66,30-Mar-25,30-Mar-25,25,46.64,9.15,App,5.3,Failed,32.6
Japan,Osaka,CS-1434,DC Fast,Renault Zoe,Renault,52,16-Jan-25,16-Jan-25,145,25.94,2.94,Card,7.8,Completed,85.9
UK,Birmingham,CS-6977,DC Fast,Renault Zoe,Renault,52,21-Jan-25,21-Jan-25,16,34.47,5.63,Card,29.6,Aborted,76.9
France,Nice,CS-4397,DC Fast,Porsche Taycan,Porsche,93,25-Mar-25,25-Mar-25,180,76.87,9.35,Card,-4,Failed,36.5
Germany,Berlin,CS-6664,DC Fast,Tesla Model 3,Tesla,60,12-Mar-25,12-Mar-25,60,48.68,13.02,Card,31.4,Aborted,41
Canada,Vancouver,CS-3910,Level 1,Audi e-tron,Audi,95,31-Mar-25,31-Mar-25,19,40.06,5.43,Subscription,23.8,Completed,70.5
Australia,Sydney,CS-9974,DC Fast,Nissan Leaf,Nissan,40,10-Feb-25,10-Feb-25,106,37.48,4.94,App,19.3,Aborted,71.2
Norway,Bergen,CS-4507,Level 1,Porsche Taycan,Porsche,93,23-Jan-25,23-Jan-25,22,46.71,12.15,Subscription,10.6,Failed,33.6
UK,Manchester,CS-5791,Level 1,Audi e-tron,Audi,95,7-Apr-25,7-Apr-25,17,54.82,14.61,Card,-4.8,Failed,41.5
Japan,Tokyo,CS-3097,Level 2,Hyundai Kona Electric,Hyundai,64,7-Apr-25,7-Apr-25,68,49.15,18.24,Card,11.5,Failed,78.1
UK,London,CS-2505,Level 1,BMW i3,BMW,42,3-Apr-25,3-Apr-25,71,27.82,4.89,Card,21.8,Failed,78.2
Japan,Osaka,CS-4317,Level 1,Renault Zoe,Renault,52,8-Jan-25,8-Jan-25,33,18.66,2.24,Card,24,Aborted,86.1
India,Mumbai,CS-9222,Level 1,Chevy Bolt,Chevrolet,66,24-Feb-25,24-Feb-25,40,22.39,2.71,App,14.4,Aborted,59.3
China,Shenzhen,CS-4699,Level 2,BYD Han,BYD,76,15-Mar-25,15-Mar-25,54,45.15,9.45,App,1.7,Aborted,29.7
France,Nice,CS-1115,DC Fast,Porsche Taycan,Porsche,93,17-Jan-25,17-Jan-25,85,78.93,11.07,App,30.1,Aborted,45.6
China,Shanghai,CS-1245,Level 2,Renault Zoe,Renault,52,7-Apr-25,7-Apr-25,42,13.26,3.74,Card,30.7,Completed,31.1
Germany,Hamburg,CS-5662,DC Fast,Nissan Leaf,Nissan,40,7-Feb-25,7-Feb-25,19,34.74,10.06,Subscription,11.2,Failed,27
USA,San Francisco,CS-5516,DC Fast,Hyundai Kona Electric,Hyundai,64,26-Mar-25,27-Mar-25,154,57.75,15.12,Card,9.6,Completed,81.3
Australia,Brisbane,CS-8310,Level 2,Hyundai Kona Electric,Hyundai,64,26-Mar-25,26-Mar-25,49,32.42,8.21,App,15.1,Failed,29.1
Australia,Brisbane,CS-1339,DC Fast,BMW i3,BMW,42,16-Mar-25,16-Mar-25,146,10.19,1.51,Subscription,21.4,Completed,68.9
Norway,Bergen,CS-1616,Level 2,Tesla Model 3,Tesla,60,11-Feb-25,11-Feb-25,71,46.88,7.95,App,4.4,Failed,26.5
India,Delhi,CS-8874,DC Fast,Kia EV6,Kia,77,22-Mar-25,22-Mar-25,131,68.47,7.67,App,-0.9,Failed,60.7
China,Shenzhen,CS-1208,DC Fast,Hyundai Kona Electric,Hyundai,64,12-Mar-25,12-Mar-25,163,37.12,5.65,App,9.6,Failed,81.9
Germany,Hamburg,CS-9397,Level 2,Hyundai Kona Electric,Hyundai,64,15-Feb-25,15-Feb-25,111,62.39,10.41,App,27.7,Aborted,48.9
Norway,Trondheim,CS-4656,Level 1,Tesla Model 3,Tesla,60,28-Jan-25,28-Jan-25,143,53.51,12.41,Card,15.6,Aborted,26.9
UK,London,CS-6546,Level 1,Audi e-tron,Audi,95,3-Apr-25,3-Apr-25,169,69.56,9.43,App,27.4,Failed,19.1
Norway,Bergen,CS-5288,Level 1,Chevy Bolt,Chevrolet,66,17-Jan-25,18-Jan-25,166,14.84,5.19,Card,-3.3,Failed,57.4
UK,Birmingham,CS-2607,Level 1,Renault Zoe,Renault,52,16-Jan-25,16-Jan-25,25,46.87,6.75,App,31.9,Failed,86.7
Australia,Brisbane,CS-8665,DC Fast,Tesla Model 3,Tesla,60,21-Feb-25,21-Feb-25,87,57.1,9.42,App,29.7,Completed,27.5
Canada,Montreal,CS-2818,DC Fast,BMW i3,BMW,42,5-Feb-25,5-Feb-25,164,35.36,5.47,Subscription,5.6,Failed,64.8
Norway,Trondheim,CS-5589,Level 1,BYD Han,BYD,76,16-Feb-25,16-Feb-25,32,21.32,4.6,Card,3.1,Failed,64.7
UK,Birmingham,CS-5960,Level 1,Nissan Leaf,Nissan,40,16-Feb-25,17-Feb-25,60,21.66,6.16,Subscription,15.1,Completed,17.5
UK,Birmingham,CS-4920,DC Fast,Renault Zoe,Renault,52,5-Apr-25,6-Apr-25,15,47.16,15.68,App,15.9,Aborted,80
Japan,Osaka,CS-3035,DC Fast,Chevy Bolt,Chevrolet,66,23-Mar-25,23-Mar-25,138,53.16,11.4,Subscription,31.3,Failed,56.1
Canada,Toronto,CS-1139,Level 1,Hyundai Kona Electric,Hyundai,64,26-Mar-25,26-Mar-25,137,50.19,18.72,App,18.9,Failed,42.7
France,Paris,CS-7310,Level 2,Tesla Model 3,Tesla,60,24-Mar-25,24-Mar-25,162,33.74,8.64,Subscription,3.2,Aborted,42.7
Germany,Berlin,CS-7631,Level 2,Porsche Taycan,Porsche,93,21-Feb-25,21-Feb-25,164,27.32,9.74,Subscription,9.6,Aborted,89.3
Canada,Toronto,CS-7826,Level 2,Porsche Taycan,Porsche,93,5-Mar-25,5-Mar-25,156,73.97,18.1,Subscription,17.2,Aborted,89.1
Australia,Melbourne,CS-6094,DC Fast,Porsche Taycan,Porsche,93,22-Mar-25,22-Mar-25,50,80.24,23.89,Card,12.9,Failed,85.9
Germany,Berlin,CS-7851,DC Fast,Renault Zoe,Renault,52,11-Jan-25,11-Jan-25,117,41.95,14.27,Subscription,22.4,Completed,22.9
USA,New York,CS-2002,Level 1,BMW i3,BMW,42,2-Mar-25,2-Mar-25,135,39.26,9.05,App,3.9,Completed,58.7
Canada,Vancouver,CS-1213,Level 1,BYD Han,BYD,76,19-Jan-25,19-Jan-25,148,25.34,9.86,Card,20.6,Aborted,10.9
Japan,Osaka,CS-5757,DC Fast,Chevy Bolt,Chevrolet,66,19-Feb-25,19-Feb-25,23,52.82,13.37,Card,19.6,Failed,12.9
France,Nice,CS-8955,Level 2,Tesla Model 3,Tesla,60,18-Feb-25,18-Feb-25,55,9.78,1.79,App,21.8,Aborted,56.9
Japan,Tokyo,CS-5643,DC Fast,Nissan Leaf,Nissan,40,23-Jan-25,23-Jan-25,38,24.24,7.7,Subscription,8.9,Aborted,28.1
France,Lyon,CS-5279,DC Fast,Porsche Taycan,Porsche,93,7-Apr-25,7-Apr-25,162,5.41,0.83,Card,17.3,Failed,33.5
Germany,Hamburg,CS-2274,DC Fast,Hyundai Kona Electric,Hyundai,64,27-Jan-25,27-Jan-25,152,52.98,14.44,App,33.6,Failed,48.7
France,Lyon,CS-4875,Level 2,Kia EV6,Kia,77,31-Mar-25,31-Mar-25,132,69.55,24.94,Card,5.3,Aborted,60.7
France,Nice,CS-5409,DC Fast,Chevy Bolt,Chevrolet,66,9-Feb-25,9-Feb-25,95,30.16,6.21,Card,23,Aborted,29.9
Germany,Munich,CS-6858,Level 2,Audi e-tron,Audi,95,18-Feb-25,18-Feb-25,34,54.91,8.43,App,3.7,Failed,31.5
France,Lyon,CS-1695,Level 1,Chevy Bolt,Chevrolet,66,6-Feb-25,6-Feb-25,75,49.86,18.04,Card,3.1,Completed,76.9
India,Mumbai,CS-8166,DC Fast,Nissan Leaf,Nissan,40,31-Jan-25,31-Jan-25,45,37.21,11.27,App,19.6,Failed,86.6
Norway,Bergen,CS-6526,DC Fast,BYD Han,BYD,76,9-Mar-25,9-Mar-25,95,39.96,15.81,App,14.6,Failed,32.4
France,Nice,CS-4234,DC Fast,BMW i3,BMW,42,15-Mar-25,15-Mar-25,28,24.45,5.55,Card,15.1,Aborted,78.8
UK,Manchester,CS-7402,Level 1,Nissan Leaf,Nissan,40,15-Feb-25,15-Feb-25,147,21.1,6.47,Subscription,3.4,Failed,18.1
India,Bangalore,CS-1893,Level 2,Hyundai Kona Electric,Hyundai,64,24-Jan-25,24-Jan-25,62,37.37,6.4,Subscription,8.7,Completed,49.9
France,Lyon,CS-9478,Level 1,Audi e-tron,Audi,95,30-Mar-25,30-Mar-25,108,81.89,15.06,Subscription,0.2,Failed,64.9
Germany,Hamburg,CS-4611,Level 1,Hyundai Kona Electric,Hyundai,64,23-Feb-25,23-Feb-25,75,37.77,13.48,Card,27,Failed,22
USA,New York,CS-9354,DC Fast,Porsche Taycan,Porsche,93,21-Jan-25,21-Jan-25,142,16.83,6.19,Subscription,16.4,Aborted,72.8
China,Shanghai,CS-7399,Level 1,Renault Zoe,Renault,52,11-Feb-25,11-Feb-25,160,7.24,0.94,Card,3.6,Aborted,48.1
Germany,Munich,CS-9822,Level 2,Audi e-tron,Audi,95,19-Mar-25,19-Mar-25,81,37.49,10.05,App,-4.2,Completed,38.1
Australia,Sydney,CS-1018,Level 2,BYD Han,BYD,76,6-Apr-25,6-Apr-25,162,51.14,13.37,App,8,Failed,49
Norway,Oslo,CS-2984,Level 1,Porsche Taycan,Porsche,93,26-Mar-25,26-Mar-25,172,30.21,8.75,Card,20.6,Aborted,43.7
Australia,Brisbane,CS-5173,Level 2,Porsche Taycan,Porsche,93,2-Feb-25,2-Feb-25,33,11.96,2.43,App,21.1,Failed,31.4
Canada,Vancouver,CS-7845,Level 2,Kia EV6,Kia,77,22-Mar-25,22-Mar-25,107,58.85,15.08,App,1.7,Completed,20
France,Nice,CS-2947,Level 1,Hyundai Kona Electric,Hyundai,64,9-Feb-25,9-Feb-25,35,17.42,3.82,Card,32.5,Aborted,53.9
USA,Los Angeles,CS-9603,Level 1,Renault Zoe,Renault,52,5-Mar-25,5-Mar-25,36,9.88,2.82,Subscription,32.3,Aborted,34.7
France,Nice,CS-6045,Level 1,Hyundai Kona Electric,Hyundai,64,11-Jan-25,11-Jan-25,128,41.96,5.85,Card,-3.6,Aborted,78.8
India,Delhi,CS-9451,Level 1,Kia EV6,Kia,77,23-Jan-25,24-Jan-25,153,72.31,19.13,Subscription,16.6,Failed,57.8
Australia,Melbourne,CS-5923,Level 2,Renault Zoe,Renault,52,25-Jan-25,25-Jan-25,178,35.06,6.76,App,16.6,Completed,45.3
India,Delhi,CS-6869,Level 1,Hyundai Kona Electric,Hyundai,64,16-Mar-25,16-Mar-25,54,22.91,2.29,App,6.5,Failed,10.7
Norway,Bergen,CS-7200,DC Fast,Hyundai Kona Electric,Hyundai,64,18-Feb-25,18-Feb-25,17,50.19,17.03,Card,26.9,Failed,39.9
Canada,Montreal,CS-1167,DC Fast,Porsche Taycan,Porsche,93,12-Feb-25,12-Feb-25,116,26.99,8.49,App,28.1,Completed,31
Canada,Montreal,CS-2055,DC Fast,Chevy Bolt,Chevrolet,66,1-Mar-25,1-Mar-25,147,51.64,19.26,Subscription,5.9,Failed,69.4
China,Shanghai,CS-6214,DC Fast,Chevy Bolt,Chevrolet,66,19-Feb-25,19-Feb-25,32,16.13,3.01,App,19.7,Aborted,66
Norway,Oslo,CS-8152,Level 1,Audi e-tron,Audi,95,22-Feb-25,22-Feb-25,19,18.69,7.31,Card,33.9,Aborted,31.5
Norway,Trondheim,CS-5386,Level 1,Tesla Model 3,Tesla,60,21-Feb-25,21-Feb-25,74,9.96,1.04,App,11.8,Aborted,89.8
Norway,Trondheim,CS-6237,Level 1,Tesla Model 3,Tesla,60,1-Apr-25,1-Apr-25,99,9.41,3.06,Card,5.7,Aborted,15.7
Norway,Oslo,CS-8041,Level 1,Chevy Bolt,Chevrolet,66,8-Feb-25,8-Feb-25,79,54.85,19.11,Subscription,5,Aborted,29.8
USA,New York,CS-8770,Level 2,Kia EV6,Kia,77,15-Feb-25,15-Feb-25,39,42.52,16.78,App,22.3,Aborted,84.9
UK,Birmingham,CS-9353,DC Fast,Tesla Model 3,Tesla,60,30-Jan-25,30-Jan-25,155,33.65,5.92,App,2.9,Completed,79.1
France,Paris,CS-7456,Level 2,Chevy Bolt,Chevrolet,66,23-Jan-25,23-Jan-25,177,31.48,3.29,Subscription,-0.2,Completed,10.7
USA,San Francisco,CS-3420,Level 1,Kia EV6,Kia,77,25-Mar-25,25-Mar-25,167,16.16,5.35,Card,15,Failed,59.5
USA,New York,CS-2296,Level 1,Audi e-tron,Audi,95,3-Mar-25,3-Mar-25,180,18.85,4.92,Card,14.5,Aborted,88.5
India,Delhi,CS-4015,Level 1,Chevy Bolt,Chevrolet,66,8-Apr-25,8-Apr-25,20,47.04,9.76,App,30.9,Aborted,66.5
Japan,Osaka,CS-8734,Level 2,Renault Zoe,Renault,52,16-Jan-25,16-Jan-25,140,13.92,2.17,App,24.3,Aborted,79.4
Australia,Brisbane,CS-5577,Level 2,BMW i3,BMW,42,13-Jan-25,13-Jan-25,32,24.65,5.79,Subscription,9.7,Completed,72.1
Japan,Osaka,CS-7661,DC Fast,BMW i3,BMW,42,15-Mar-25,15-Mar-25,19,27.93,5.84,Card,7.8,Completed,62.7
Japan,Osaka,CS-1549,Level 1,Chevy Bolt,Chevrolet,66,5-Apr-25,5-Apr-25,149,46.68,15.39,Subscription,6.3,Aborted,61.3
Germany,Berlin,CS-9680,Level 1,Renault Zoe,Renault,52,14-Feb-25,14-Feb-25,32,7.06,2.69,Card,3.1,Aborted,25.3
USA,San Francisco,CS-7937,Level 2,Porsche Taycan,Porsche,93,12-Feb-25,12-Feb-25,140,51.27,15.91,Card,9.7,Failed,67.4
USA,New York,CS-6752,Level 2,Kia EV6,Kia,77,13-Jan-25,13-Jan-25,35,38.7,11.29,Subscription,24.7,Aborted,75.8
USA,San Francisco,CS-7210,Level 2,Hyundai Kona Electric,Hyundai,64,14-Jan-25,14-Jan-25,150,7.4,0.9,Card,32.8,Failed,17.8
France,Nice,CS-4080,DC Fast,Porsche Taycan,Porsche,93,21-Feb-25,21-Feb-25,63,21.99,6.53,Subscription,32.9,Failed,69.9
Canada,Montreal,CS-3673,DC Fast,Nissan Leaf,Nissan,40,31-Jan-25,31-Jan-25,178,25.18,7.61,Subscription,12.1,Completed,23.3
UK,Birmingham,CS-5259,DC Fast,Porsche Taycan,Porsche,93,16-Feb-25,16-Feb-25,144,34.7,5.12,App,32.3,Aborted,54
India,Delhi,CS-7488,DC Fast,Porsche Taycan,Porsche,93,12-Feb-25,12-Feb-25,177,42.89,13.63,Card,17.5,Completed,40
Japan,Yokohama,CS-2541,Level 2,Hyundai Kona Electric,Hyundai,64,19-Jan-25,19-Jan-25,107,61.74,14.46,Card,24.1,Aborted,57.7
Japan,Tokyo,CS-7260,Level 2,Hyundai Kona Electric,Hyundai,64,23-Jan-25,23-Jan-25,16,22.72,3.78,Card,25.9,Failed,75.8
Japan,Yokohama,CS-5206,Level 1,Renault Zoe,Renault,52,7-Apr-25,8-Apr-25,161,48.52,7.1,App,9.2,Completed,31.2
Australia,Sydney,CS-3124,Level 2,Chevy Bolt,Chevrolet,66,21-Mar-25,21-Mar-25,80,54.48,6.95,Subscription,31.7,Failed,16.2
India,Delhi,CS-4614,DC Fast,BMW i3,BMW,42,13-Jan-25,13-Jan-25,139,35.55,10.91,Card,18.8,Aborted,13
Australia,Melbourne,CS-5794,Level 2,Nissan Leaf,Nissan,40,16-Feb-25,16-Feb-25,29,37.27,7.47,App,32.2,Completed,79.6
France,Nice,CS-3827,Level 1,BYD Han,BYD,76,22-Mar-25,22-Mar-25,17,50.01,14.49,App,16,Aborted,53.2
UK,Manchester,CS-8150,Level 2,Renault Zoe,Renault,52,22-Feb-25,22-Feb-25,71,12.2,3.69,App,25.1,Failed,50.4
France,Lyon,CS-5307,Level 2,Hyundai Kona Electric,Hyundai,64,23-Feb-25,23-Feb-25,115,13.73,2.76,Subscription,24.8,Failed,41.9
Germany,Munich,CS-5440,Level 1,Renault Zoe,Renault,52,24-Mar-25,24-Mar-25,126,41.37,5.76,App,17.4,Aborted,41.6
Australia,Sydney,CS-4974,Level 1,Renault Zoe,Renault,52,2-Apr-25,2-Apr-25,172,51.86,13.34,Card,5.7,Aborted,35.9
Australia,Sydney,CS-5469,Level 2,Nissan Leaf,Nissan,40,4-Mar-25,4-Mar-25,120,19.82,4.05,App,18.8,Completed,71.6
UK,Manchester,CS-2030,Level 1,BYD Han,BYD,76,6-Mar-25,6-Mar-25,128,49.25,11.43,Card,22.4,Completed,70.6
Germany,Berlin,CS-6451,Level 2,Tesla Model 3,Tesla,60,17-Feb-25,17-Feb-25,77,57.19,21.62,Card,8.7,Completed,34.4
Norway,Oslo,CS-6274,DC Fast,Audi e-tron,Audi,95,27-Mar-25,27-Mar-25,68,71.6,11.71,Subscription,25,Failed,48.6
UK,Birmingham,CS-1947,Level 1,Tesla Model 3,Tesla,60,5-Mar-25,5-Mar-25,111,37.07,11.09,App,1.8,Aborted,26.1
Australia,Melbourne,CS-5487,Level 2,Tesla Model 3,Tesla,60,28-Jan-25,28-Jan-25,134,41.01,4.2,Subscription,5.9,Failed,38.8
Germany,Berlin,CS-4739,DC Fast,Hyundai Kona Electric,Hyundai,64,29-Jan-25,29-Jan-25,113,18.64,3.99,Card,31.2,Aborted,79.3
Japan,Tokyo,CS-9784,DC Fast,BMW i3,BMW,42,15-Feb-25,15-Feb-25,65,23.52,5.58,Card,-3.4,Failed,34.4
Norway,Bergen,CS-1065,DC Fast,BMW i3,BMW,42,14-Feb-25,14-Feb-25,19,17.83,3.67,App,4.4,Failed,32.1
USA,San Francisco,CS-2981,Level 1,Hyundai Kona Electric,Hyundai,64,22-Mar-25,22-Mar-25,114,57.53,19.82,Subscription,33,Completed,22.1
Canada,Montreal,CS-4562,DC Fast,BMW i3,BMW,42,1-Mar-25,1-Mar-25,37,32.01,8.2,Subscription,29.9,Failed,28.2
France,Nice,CS-8224,Level 2,BMW i3,BMW,42,1-Mar-25,1-Mar-25,124,40.91,15.26,App,16.7,Completed,62.2
Australia,Brisbane,CS-9089,DC Fast,Chevy Bolt,Chevrolet,66,22-Mar-25,22-Mar-25,50,23.85,7.43,Card,12.2,Completed,62.5
Australia,Sydney,CS-7778,Level 1,Audi e-tron,Audi,95,2-Mar-25,2-Mar-25,32,55.16,21.21,Card,7.7,Completed,68.2
India,Delhi,CS-9323,DC Fast,Porsche Taycan,Porsche,93,22-Mar-25,22-Mar-25,92,43.98,16.72,Subscription,6,Completed,18.5
UK,London,CS-4303,Level 1,BYD Han,BYD,76,11-Mar-25,12-Mar-25,172,23.95,6.47,Subscription,4.3,Failed,12.1
Germany,Hamburg,CS-4757,DC Fast,Kia EV6,Kia,77,13-Jan-25,14-Jan-25,49,41.17,11.59,Subscription,10,Aborted,49.3
UK,London,CS-6659,Level 1,Chevy Bolt,Chevrolet,66,22-Mar-25,22-Mar-25,72,6.97,2.3,App,33,Completed,69.4
France,Paris,CS-2381,DC Fast,Nissan Leaf,Nissan,40,24-Jan-25,24-Jan-25,60,37.45,14.82,App,22.5,Aborted,81
Canada,Vancouver,CS-9165,Level 2,Tesla Model 3,Tesla,60,2-Mar-25,3-Mar-25,170,45.44,9.73,App,19.5,Failed,55.8
Japan,Yokohama,CS-6428,Level 1,Tesla Model 3,Tesla,60,3-Mar-25,3-Mar-25,148,11.01,2.61,Card,15.7,Aborted,88.7
USA,San Francisco,CS-4468,Level 1,Porsche Taycan,Porsche,93,10-Mar-25,10-Mar-25,147,72.33,28.12,App,12.6,Aborted,71.9
China,Shanghai,CS-7273,DC Fast,BMW i3,BMW,42,15-Feb-25,15-Feb-25,123,15.89,5.97,Subscription,31.1,Aborted,76.4
Norway,Oslo,CS-6313,DC Fast,Renault Zoe,Renault,52,9-Mar-25,9-Mar-25,43,13.45,3.71,Subscription,0.4,Aborted,35.9
USA,New York,CS-8721,Level 2,Kia EV6,Kia,77,15-Feb-25,15-Feb-25,166,69.56,25.65,Card,5,Failed,61.9
UK,Birmingham,CS-2017,Level 2,Nissan Leaf,Nissan,40,31-Mar-25,31-Mar-25,38,9,2.11,Card,16,Aborted,68.1
Japan,Yokohama,CS-2422,Level 1,BMW i3,BMW,42,7-Apr-25,7-Apr-25,111,25.36,2.87,App,17.6,Failed,79
UK,London,CS-4165,Level 2,BMW i3,BMW,42,27-Feb-25,27-Feb-25,28,20.52,3.96,App,20.1,Completed,81.9
France,Paris,CS-2754,Level 2,BYD Han,BYD,76,13-Jan-25,13-Jan-25,79,5.87,1.46,Subscription,27.3,Failed,80.6
France,Paris,CS-3725,DC Fast,BYD Han,BYD,76,7-Mar-25,7-Mar-25,136,37.22,8.66,Subscription,-4.7,Failed,32.2
Japan,Tokyo,CS-9471,Level 1,Tesla Model 3,Tesla,60,21-Mar-25,21-Mar-25,62,13.15,3.89,Card,29.2,Failed,56.2
Australia,Melbourne,CS-7156,Level 1,Audi e-tron,Audi,95,14-Mar-25,14-Mar-25,37,9.41,2.12,Card,21.9,Failed,62.9
Australia,Brisbane,CS-6218,Level 2,Renault Zoe,Renault,52,9-Mar-25,10-Mar-25,60,50.42,16.38,Card,-1.3,Aborted,35.8
Canada,Toronto,CS-3982,Level 1,Porsche Taycan,Porsche,93,6-Apr-25,6-Apr-25,155,10.71,2.58,Subscription,29.4,Aborted,52.2
Japan,Tokyo,CS-4814,DC Fast,Chevy Bolt,Chevrolet,66,22-Jan-25,22-Jan-25,171,8.55,2.32,Subscription,34.5,Aborted,67.9
Australia,Brisbane,CS-9600,DC Fast,Hyundai Kona Electric,Hyundai,64,6-Feb-25,6-Feb-25,124,40.92,7.98,Subscription,34.8,Aborted,84.2
Australia,Brisbane,CS-6394,Level 1,Kia EV6,Kia,77,13-Mar-25,13-Mar-25,148,57.5,14.34,Subscription,4.3,Aborted,88.3
USA,New York,CS-5162,Level 1,Tesla Model 3,Tesla,60,10-Jan-25,10-Jan-25,134,39.4,5.33,Subscription,35,Aborted,13.6
India,Bangalore,CS-5828,Level 2,Chevy Bolt,Chevrolet,66,14-Jan-25,14-Jan-25,17,44.08,13.53,Card,7.3,Failed,54
USA,New York,CS-4891,Level 1,Audi e-tron,Audi,95,1-Feb-25,1-Feb-25,102,40.64,11,Card,2.8,Aborted,83.8
Norway,Bergen,CS-9061,Level 2,Tesla Model 3,Tesla,60,2-Apr-25,2-Apr-25,180,12.47,1.83,Subscription,30.8,Aborted,72.7
Canada,Montreal,CS-3886,Level 2,Tesla Model 3,Tesla,60,8-Jan-25,8-Jan-25,148,21.46,6.81,Subscription,16.4,Completed,56.2
India,Delhi,CS-9410,Level 2,Nissan Leaf,Nissan,40,8-Mar-25,8-Mar-25,53,14.82,1.62,Subscription,16.4,Completed,55.7
Canada,Toronto,CS-4593,DC Fast,BYD Han,BYD,76,26-Mar-25,26-Mar-25,44,66.39,21.61,App,23.4,Aborted,43.1
Norway,Oslo,CS-5922,DC Fast,Audi e-tron,Audi,95,11-Mar-25,11-Mar-25,130,79.65,15.2,App,2,Aborted,72.8
France,Paris,CS-8609,DC Fast,Kia EV6,Kia,77,20-Feb-25,20-Feb-25,144,6.8,1.66,Card,2.6,Aborted,68.6
Japan,Osaka,CS-3179,DC Fast,Audi e-tron,Audi,95,7-Mar-25,7-Mar-25,51,74.25,9.61,Subscription,34.7,Completed,68
Norway,Bergen,CS-3157,DC Fast,Renault Zoe,Renault,52,26-Feb-25,26-Feb-25,44,5.19,1.97,Subscription,29.9,Aborted,47.4
USA,New York,CS-7320,DC Fast,Renault Zoe,Renault,52,2-Feb-25,2-Feb-25,94,6.06,1.98,Card,7.8,Completed,32.9
Japan,Osaka,CS-7427,Level 1,Kia EV6,Kia,77,11-Mar-25,11-Mar-25,45,24.63,3.63,Card,33.3,Failed,51.1
France,Nice,CS-8515,DC Fast,Audi e-tron,Audi,95,13-Mar-25,13-Mar-25,155,33.66,4.8,App,18,Completed,15.7
Australia,Melbourne,CS-3987,DC Fast,Renault Zoe,Renault,52,14-Feb-25,14-Feb-25,128,7.38,0.8,Card,-0.8,Completed,16.9
Canada,Toronto,CS-6248,Level 2,BYD Han,BYD,76,29-Mar-25,29-Mar-25,166,49.69,15.26,Subscription,9.2,Aborted,75.4
Japan,Tokyo,CS-9044,DC Fast,Kia EV6,Kia,77,11-Feb-25,11-Feb-25,160,14.49,4.98,App,-1.1,Aborted,64.8
Norway,Bergen,CS-2058,Level 2,Chevy Bolt,Chevrolet,66,4-Mar-25,5-Mar-25,72,13.77,5.08,App,10.7,Failed,83.4
India,Delhi,CS-8860,Level 2,Kia EV6,Kia,77,20-Feb-25,20-Feb-25,139,7.18,1.74,App,13.4,Completed,32.6
India,Bangalore,CS-5792,DC Fast,BYD Han,BYD,76,29-Mar-25,29-Mar-25,47,41.06,9.1,Card,8,Failed,15.7
China,Shenzhen,CS-2090,Level 1,Kia EV6,Kia,77,15-Jan-25,15-Jan-25,117,47.52,8.15,Subscription,1.4,Aborted,40.7
India,Mumbai,CS-8891,Level 2,BYD Han,BYD,76,28-Feb-25,28-Feb-25,125,60.69,14,Subscription,22.8,Completed,63
Germany,Hamburg,CS-6262,Level 2,BYD Han,BYD,76,16-Feb-25,16-Feb-25,139,13.12,3.66,Subscription,-1.1,Aborted,24.1
Canada,Toronto,CS-7984,Level 2,BYD Han,BYD,76,11-Mar-25,11-Mar-25,42,53.67,14.97,App,14.8,Failed,14.9
France,Paris,CS-1443,DC Fast,BYD Han,BYD,76,25-Feb-25,25-Feb-25,177,62.5,20.45,Card,13.1,Aborted,41.2
Australia,Melbourne,CS-8814,DC Fast,Chevy Bolt,Chevrolet,66,2-Apr-25,2-Apr-25,67,46.57,9.08,Subscription,7.2,Aborted,67.4
India,Mumbai,CS-6221,Level 1,BYD Han,BYD,76,26-Feb-25,26-Feb-25,17,48.42,12.26,App,-2.5,Failed,87.4
USA,San Francisco,CS-3277,Level 1,Renault Zoe,Renault,52,26-Jan-25,26-Jan-25,106,10.16,1.88,Card,12.3,Failed,41.5
India,Bangalore,CS-5039,DC Fast,Porsche Taycan,Porsche,93,24-Mar-25,24-Mar-25,118,38.58,10.17,Card,14,Completed,54.4
India,Delhi,CS-8829,Level 1,BMW i3,BMW,42,11-Mar-25,11-Mar-25,88,41.91,12.62,Card,-2.1,Completed,21.5
Norway,Trondheim,CS-3366,Level 2,Porsche Taycan,Porsche,93,20-Jan-25,20-Jan-25,49,12.45,3.64,App,30.7,Failed,58.4
Canada,Montreal,CS-8607,Level 2,BMW i3,BMW,42,23-Mar-25,23-Mar-25,131,23.85,6.33,App,9.2,Completed,44
USA,San Francisco,CS-1270,DC Fast,Kia EV6,Kia,77,29-Jan-25,29-Jan-25,75,56.27,10.17,Subscription,9.7,Completed,55.5
India,Mumbai,CS-2440,DC Fast,BYD Han,BYD,76,24-Jan-25,25-Jan-25,138,73.28,9.09,Subscription,16.1,Aborted,47.2
Germany,Hamburg,CS-8265,DC Fast,BYD Han,BYD,76,18-Feb-25,18-Feb-25,37,22.41,6.48,Subscription,-1.9,Failed,53.1
Australia,Melbourne,CS-1717,Level 1,BYD Han,BYD,76,27-Feb-25,27-Feb-25,28,69.15,18.01,App,13.2,Aborted,55.9
India,Delhi,CS-4574,DC Fast,Audi e-tron,Audi,95,21-Jan-25,21-Jan-25,90,31.03,3.43,Subscription,7.2,Failed,30.8
Norway,Trondheim,CS-2198,DC Fast,BMW i3,BMW,42,13-Feb-25,13-Feb-25,161,6.91,2.74,Subscription,-3.9,Aborted,16.6
Japan,Tokyo,CS-7920,Level 2,Hyundai Kona Electric,Hyundai,64,21-Mar-25,21-Mar-25,79,12.82,2.36,Card,24.7,Failed,24
Australia,Brisbane,CS-1274,DC Fast,BMW i3,BMW,42,30-Mar-25,30-Mar-25,129,18.68,2.85,Card,14.4,Failed,79
India,Mumbai,CS-6458,Level 2,BMW i3,BMW,42,21-Feb-25,21-Feb-25,167,39.56,5.79,App,25.8,Completed,62.9
UK,London,CS-6215,Level 1,BYD Han,BYD,76,9-Feb-25,9-Feb-25,103,8.86,1.59,Card,1.7,Aborted,48.1
Norway,Trondheim,CS-3541,Level 2,Renault Zoe,Renault,52,21-Mar-25,21-Mar-25,74,22.85,7.12,App,0.8,Aborted,10.9
Norway,Bergen,CS-4380,DC Fast,Audi e-tron,Audi,95,18-Mar-25,18-Mar-25,150,66.46,7.46,Subscription,9.2,Aborted,58.8
China,Shanghai,CS-4833,DC Fast,Hyundai Kona Electric,Hyundai,64,25-Feb-25,25-Feb-25,83,52.34,9.24,App,13.4,Failed,69.9
Australia,Sydney,CS-4659,Level 2,Renault Zoe,Renault,52,11-Jan-25,11-Jan-25,101,36.85,14.66,Subscription,-4.6,Completed,76.5
USA,Los Angeles,CS-5998,Level 1,Nissan Leaf,Nissan,40,5-Apr-25,5-Apr-25,149,8.64,2.02,Subscription,6.3,Completed,12.7
Australia,Sydney,CS-8383,DC Fast,Tesla Model 3,Tesla,60,26-Mar-25,27-Mar-25,167,41.11,14.41,Subscription,-0.1,Completed,16.9
Australia,Sydney,CS-3135,Level 1,Porsche Taycan,Porsche,93,15-Mar-25,15-Mar-25,180,54.81,21.38,Subscription,2.4,Aborted,47.4
Germany,Hamburg,CS-4781,DC Fast,Kia EV6,Kia,77,7-Feb-25,7-Feb-25,85,60.39,18.58,App,5.3,Completed,32.2
USA,Los Angeles,CS-1962,Level 2,Porsche Taycan,Porsche,93,9-Mar-25,9-Mar-25,100,92.64,16.44,Card,12.6,Aborted,88.4
France,Nice,CS-6939,DC Fast,Porsche Taycan,Porsche,93,29-Jan-25,29-Jan-25,60,61.8,8.19,App,3.7,Failed,18.5
Norway,Trondheim,CS-7190,DC Fast,Hyundai Kona Electric,Hyundai,64,24-Feb-25,24-Feb-25,41,7.06,0.86,App,26.1,Completed,81.7
UK,Birmingham,CS-8363,DC Fast,Tesla Model 3,Tesla,60,3-Feb-25,3-Feb-25,24,41.55,7.48,App,31.2,Failed,10.3
Norway,Bergen,CS-4710,Level 1,Porsche Taycan,Porsche,93,2-Mar-25,2-Mar-25,118,79.28,26.5,Subscription,4,Aborted,86.3
Norway,Oslo,CS-7498,DC Fast,BYD Han,BYD,76,17-Mar-25,17-Mar-25,152,71.39,14.83,App,11,Failed,89.8
Germany,Munich,CS-4475,Level 2,Renault Zoe,Renault,52,27-Feb-25,28-Feb-25,102,8.78,2.09,Subscription,3.1,Failed,13.1
Canada,Montreal,CS-4240,DC Fast,Chevy Bolt,Chevrolet,66,19-Mar-25,19-Mar-25,91,47.45,17.51,Subscription,9.4,Completed,80.8
Norway,Trondheim,CS-7325,DC Fast,Chevy Bolt,Chevrolet,66,1-Apr-25,1-Apr-25,50,7.18,0.77,Card,14.6,Completed,73.4
China,Shanghai,CS-5595,Level 2,Renault Zoe,Renault,52,12-Feb-25,12-Feb-25,130,50.43,5.29,Card,8.5,Failed,13.4
Germany,Berlin,CS-2556,DC Fast,Renault Zoe,Renault,52,3-Mar-25,3-Mar-25,132,49.18,17.76,Card,24.6,Completed,84
USA,San Francisco,CS-7041,DC Fast,BMW i3,BMW,42,12-Feb-25,12-Feb-25,140,29.19,7.05,Card,4.7,Failed,20.4
UK,Birmingham,CS-3233,DC Fast,Tesla Model 3,Tesla,60,31-Jan-25,31-Jan-25,93,50.14,6.48,Card,28.4,Completed,75.4
Germany,Berlin,CS-7800,Level 1,Kia EV6,Kia,77,8-Jan-25,8-Jan-25,167,62.54,10.39,App,8.5,Failed,64.3
India,Mumbai,CS-5839,Level 1,BYD Han,BYD,76,31-Jan-25,31-Jan-25,154,14.75,5.18,Card,18.7,Aborted,15.1
China,Beijing,CS-9905,Level 2,Porsche Taycan,Porsche,93,5-Feb-25,5-Feb-25,58,66.27,17.63,Card,32,Completed,20.7
Australia,Melbourne,CS-9525,Level 1,BMW i3,BMW,42,18-Mar-25,18-Mar-25,19,37.55,4.66,Card,32,Failed,62.1
China,Shanghai,CS-4566,DC Fast,Kia EV6,Kia,77,9-Feb-25,9-Feb-25,47,19.84,5.79,App,11.5,Completed,58.8
USA,San Francisco,CS-4897,Level 2,BMW i3,BMW,42,24-Feb-25,24-Feb-25,142,27.65,3.5,App,11.8,Failed,28.9
Germany,Hamburg,CS-4273,DC Fast,Nissan Leaf,Nissan,40,3-Mar-25,3-Mar-25,173,17.67,5.8,Subscription,3.8,Failed,62.7
China,Beijing,CS-7662,Level 2,Chevy Bolt,Chevrolet,66,9-Jan-25,9-Jan-25,43,53.59,16.38,App,2.1,Failed,83.8
USA,San Francisco,CS-3354,DC Fast,Audi e-tron,Audi,95,22-Feb-25,22-Feb-25,87,23.86,4.19,App,-3.3,Failed,14.2
Japan,Tokyo,CS-6322,Level 1,BMW i3,BMW,42,23-Mar-25,23-Mar-25,22,22.95,3.09,Subscription,12.8,Failed,36.1
France,Nice,CS-8427,Level 1,Audi e-tron,Audi,95,28-Feb-25,28-Feb-25,73,75.11,14.86,Card,24.5,Completed,40
France,Paris,CS-3411,Level 1,Kia EV6,Kia,77,21-Mar-25,21-Mar-25,164,39.88,14.64,Card,32.1,Aborted,24.2
India,Mumbai,CS-6712,Level 1,Kia EV6,Kia,77,21-Feb-25,21-Feb-25,64,50.51,19.83,App,0.1,Failed,55.5
China,Beijing,CS-9581,Level 2,Nissan Leaf,Nissan,40,31-Mar-25,31-Mar-25,134,21.05,3.19,Card,30.5,Failed,22.5
Australia,Sydney,CS-6339,DC Fast,BYD Han,BYD,76,9-Mar-25,9-Mar-25,156,65.71,8.28,App,29.5,Completed,57.3
Norway,Bergen,CS-6784,Level 2,Tesla Model 3,Tesla,60,9-Mar-25,9-Mar-25,124,45.49,7.92,App,18.2,Failed,85.7
Australia,Sydney,CS-4452,DC Fast,Porsche Taycan,Porsche,93,26-Feb-25,26-Feb-25,26,8.53,2.06,Card,12,Aborted,48.3
Germany,Munich,CS-7956,DC Fast,Kia EV6,Kia,77,4-Mar-25,4-Mar-25,76,10.98,3.58,Subscription,11.3,Completed,20.6
China,Beijing,CS-9590,DC Fast,Nissan Leaf,Nissan,40,30-Mar-25,30-Mar-25,19,21.79,4.17,App,29.3,Failed,56.7
Norway,Bergen,CS-3689,DC Fast,BMW i3,BMW,42,25-Mar-25,25-Mar-25,118,11.84,4.28,App,23.2,Completed,78.8
Germany,Munich,CS-7244,Level 2,Audi e-tron,Audi,95,25-Mar-25,25-Mar-25,150,7.94,1.81,Subscription,32.8,Failed,56
France,Nice,CS-7653,Level 1,Nissan Leaf,Nissan,40,10-Jan-25,10-Jan-25,173,35.83,11.49,Subscription,32.8,Failed,39.1
USA,New York,CS-5761,Level 2,Porsche Taycan,Porsche,93,10-Feb-25,11-Feb-25,108,45.95,5.16,Card,20.9,Failed,15.4
France,Paris,CS-2073,DC Fast,Audi e-tron,Audi,95,4-Feb-25,4-Feb-25,76,53.57,15.79,Subscription,29.8,Failed,26.8
France,Lyon,CS-3645,Level 1,Audi e-tron,Audi,95,26-Jan-25,26-Jan-25,83,50.32,11.42,Card,9.9,Aborted,48.9
Japan,Tokyo,CS-8404,Level 2,Kia EV6,Kia,77,23-Jan-25,23-Jan-25,151,53.84,13.99,App,19.8,Failed,85.6
Germany,Berlin,CS-7774,Level 2,Kia EV6,Kia,77,29-Mar-25,29-Mar-25,37,10.77,3.98,Card,-0.6,Aborted,19
UK,Manchester,CS-6182,Level 2,BMW i3,BMW,42,25-Mar-25,25-Mar-25,67,24.27,6.99,App,33.8,Failed,84.5
Norway,Bergen,CS-4852,Level 1,Porsche Taycan,Porsche,93,18-Mar-25,18-Mar-25,128,69.92,7.44,Card,-4.1,Completed,76.8
Japan,Yokohama,CS-8455,Level 2,Audi e-tron,Audi,95,20-Mar-25,21-Mar-25,120,57.08,16.94,App,18.7,Failed,52.4
Japan,Osaka,CS-6561,Level 2,Kia EV6,Kia,77,26-Mar-25,26-Mar-25,92,45.84,16.94,Card,26.6,Completed,48.7
China,Beijing,CS-9673,DC Fast,BMW i3,BMW,42,6-Feb-25,6-Feb-25,105,15.52,6,Card,23.5,Aborted,24.6
UK,Birmingham,CS-4755,Level 2,BMW i3,BMW,42,7-Apr-25,7-Apr-25,56,13.8,1.55,Subscription,0.1,Aborted,39.6
France,Nice,CS-3180,Level 2,Tesla Model 3,Tesla,60,1-Mar-25,1-Mar-25,96,58.79,8.49,Subscription,34,Failed,34.1
USA,Los Angeles,CS-7223,Level 1,Kia EV6,Kia,77,31-Mar-25,31-Mar-25,52,73.24,27.71,Card,33.8,Failed,88
India,Bangalore,CS-5917,DC Fast,Hyundai Kona Electric,Hyundai,64,13-Jan-25,13-Jan-25,136,57.86,22.62,Subscription,0.9,Failed,68.3
Norway,Bergen,CS-6123,DC Fast,Nissan Leaf,Nissan,40,19-Jan-25,19-Jan-25,137,36.51,5.18,Card,7.3,Aborted,59.4
France,Lyon,CS-8285,Level 1,Audi e-tron,Audi,95,4-Apr-25,4-Apr-25,38,34.37,9.71,Subscription,16.1,Aborted,25.7
Germany,Hamburg,CS-9199,Level 2,Kia EV6,Kia,77,22-Feb-25,22-Feb-25,37,75.26,16.43,App,19.1,Failed,85.5
India,Delhi,CS-9434,Level 2,BMW i3,BMW,42,28-Mar-25,29-Mar-25,124,18.68,3.96,App,9.1,Aborted,79.9
Germany,Berlin,CS-6066,DC Fast,Kia EV6,Kia,77,11-Jan-25,11-Jan-25,121,62.87,11.73,App,24.1,Aborted,21.2
Australia,Brisbane,CS-5630,DC Fast,Nissan Leaf,Nissan,40,31-Mar-25,31-Mar-25,51,12.27,2.97,App,-2.4,Failed,70.5
Germany,Berlin,CS-2038,DC Fast,Porsche Taycan,Porsche,93,29-Jan-25,29-Jan-25,178,85.47,19.18,App,23.4,Completed,25.9
Canada,Vancouver,CS-3313,DC Fast,Renault Zoe,Renault,52,1-Mar-25,1-Mar-25,140,6.98,2.43,App,14.8,Failed,47.1
USA,New York,CS-6481,DC Fast,BMW i3,BMW,42,14-Feb-25,14-Feb-25,82,16.11,4.71,App,0,Failed,81.4
Canada,Toronto,CS-4543,Level 2,Kia EV6,Kia,77,19-Feb-25,19-Feb-25,180,22.62,3.07,App,34.8,Completed,57.9
India,Bangalore,CS-7359,DC Fast,Kia EV6,Kia,77,7-Apr-25,7-Apr-25,159,36.4,6.46,App,34,Completed,39.9
Australia,Sydney,CS-8220,Level 2,Hyundai Kona Electric,Hyundai,64,24-Mar-25,24-Mar-25,56,39.32,5.66,Subscription,0.4,Completed,14.2
India,Delhi,CS-9670,Level 1,Audi e-tron,Audi,95,14-Feb-25,14-Feb-25,27,31.09,8.05,Subscription,2.8,Failed,24.7
Germany,Hamburg,CS-7494,DC Fast,BMW i3,BMW,42,19-Mar-25,19-Mar-25,154,16.94,3.3,App,5.9,Failed,65.1
Germany,Hamburg,CS-6255,DC Fast,BYD Han,BYD,76,1-Mar-25,1-Mar-25,105,63.46,6.59,App,9.9,Aborted,43
UK,London,CS-3186,DC Fast,Chevy Bolt,Chevrolet,66,6-Feb-25,6-Feb-25,54,35.71,12.48,Subscription,22.6,Failed,77.7
Japan,Yokohama,CS-7269,Level 1,Nissan Leaf,Nissan,40,16-Mar-25,17-Mar-25,121,21.12,2.6,Card,14.2,Aborted,65.3
UK,Manchester,CS-6505,DC Fast,BYD Han,BYD,76,20-Jan-25,20-Jan-25,148,59.21,12,App,-3.8,Completed,27.8
UK,Birmingham,CS-4743,Level 1,Chevy Bolt,Chevrolet,66,22-Jan-25,22-Jan-25,93,12.65,1.76,App,22.6,Completed,16.2
Norway,Bergen,CS-3485,DC Fast,Tesla Model 3,Tesla,60,6-Mar-25,6-Mar-25,65,10.93,3.69,Subscription,-2.6,Completed,82.7
USA,New York,CS-4810,DC Fast,Hyundai Kona Electric,Hyundai,64,23-Mar-25,23-Mar-25,17,49.52,16.57,Card,18.5,Completed,24.8
India,Mumbai,CS-9796,DC Fast,Nissan Leaf,Nissan,40,27-Mar-25,27-Mar-25,52,34.61,13.24,App,9.1,Failed,72.5
Australia,Sydney,CS-6921,Level 1,Renault Zoe,Renault,52,17-Mar-25,17-Mar-25,160,8.21,2.84,Subscription,3.7,Completed,87.1
UK,Birmingham,CS-7198,DC Fast,Tesla Model 3,Tesla,60,14-Jan-25,14-Jan-25,40,55.83,21,App,9.7,Failed,24.8
Germany,Berlin,CS-9749,Level 2,Audi e-tron,Audi,95,23-Mar-25,23-Mar-25,112,43.17,10.98,Card,25.5,Aborted,19.9
Germany,Hamburg,CS-2368,DC Fast,BMW i3,BMW,42,18-Mar-25,18-Mar-25,141,33.2,10.34,Subscription,-3.4,Aborted,49.5
Canada,Vancouver,CS-2480,Level 2,Kia EV6,Kia,77,22-Mar-25,22-Mar-25,168,58,17.75,Card,17.2,Aborted,88.8
Canada,Toronto,CS-3476,Level 1,Nissan Leaf,Nissan,40,17-Feb-25,17-Feb-25,136,37.87,7.96,Subscription,14.7,Completed,41.7
Japan,Yokohama,CS-7355,DC Fast,Nissan Leaf,Nissan,40,27-Jan-25,27-Jan-25,45,10.02,2.21,Card,24.7,Completed,15.2
France,Lyon,CS-8909,Level 1,Chevy Bolt,Chevrolet,66,20-Mar-25,20-Mar-25,167,56.49,12.5,App,24,Aborted,71.2
Australia,Brisbane,CS-7719,DC Fast,Hyundai Kona Electric,Hyundai,64,16-Feb-25,16-Feb-25,179,60.65,12.54,Subscription,33,Aborted,50.9
UK,Manchester,CS-9178,DC Fast,Nissan Leaf,Nissan,40,31-Jan-25,31-Jan-25,46,13.77,3.43,Card,-3.8,Failed,14.2
Germany,Munich,CS-6076,Level 1,Tesla Model 3,Tesla,60,27-Jan-25,27-Jan-25,60,26.04,7.91,App,19.9,Completed,70.8
Japan,Osaka,CS-9066,DC Fast,Kia EV6,Kia,77,22-Mar-25,22-Mar-25,66,26.14,6.52,App,16.7,Failed,53.7
USA,Los Angeles,CS-3950,Level 2,Nissan Leaf,Nissan,40,5-Mar-25,5-Mar-25,113,20.75,7.38,App,-3.6,Completed,54.5
China,Shenzhen,CS-8862,Level 2,BMW i3,BMW,42,5-Apr-25,5-Apr-25,140,20.94,4.06,App,25.6,Failed,64
Japan,Yokohama,CS-2929,Level 1,Renault Zoe,Renault,52,24-Jan-25,24-Jan-25,161,27.08,7.28,Subscription,-2.8,Aborted,49.6
Canada,Montreal,CS-4729,Level 1,Audi e-tron,Audi,95,22-Feb-25,22-Feb-25,87,33.84,3.67,Card,28.5,Aborted,74.8
Australia,Sydney,CS-9092,Level 2,Audi e-tron,Audi,95,31-Mar-25,31-Mar-25,112,13.76,2.8,App,9.1,Failed,29.5
France,Nice,CS-3482,Level 2,Hyundai Kona Electric,Hyundai,64,25-Feb-25,25-Feb-25,166,10.01,3.07,Card,8.5,Completed,53.1
USA,Los Angeles,CS-4064,Level 1,Porsche Taycan,Porsche,93,1-Feb-25,1-Feb-25,160,50.3,11.39,Subscription,13.8,Completed,88.9
Canada,Montreal,CS-6302,Level 1,Porsche Taycan,Porsche,93,7-Apr-25,7-Apr-25,97,55.38,18.97,Subscription,22,Aborted,49.7
India,Mumbai,CS-4709,Level 2,BYD Han,BYD,76,18-Jan-25,18-Jan-25,91,30.8,7.11,Subscription,28.9,Completed,77.2
Japan,Tokyo,CS-2172,Level 2,Hyundai Kona Electric,Hyundai,64,16-Jan-25,16-Jan-25,82,7.8,3.11,Card,20,Completed,67.4
Australia,Sydney,CS-7652,DC Fast,BYD Han,BYD,76,17-Jan-25,17-Jan-25,101,24.41,6.59,App,12.1,Aborted,73.7
China,Shenzhen,CS-9836,Level 2,Hyundai Kona Electric,Hyundai,64,14-Jan-25,14-Jan-25,125,44.14,8.56,App,5.1,Failed,46.3
Japan,Tokyo,CS-5233,DC Fast,Tesla Model 3,Tesla,60,25-Feb-25,25-Feb-25,175,43.68,15.67,App,3.5,Failed,85
China,Shenzhen,CS-3497,DC Fast,Renault Zoe,Renault,52,31-Jan-25,31-Jan-25,172,45.08,16.77,Subscription,20.1,Failed,26.1
Norway,Oslo,CS-5997,Level 2,Chevy Bolt,Chevrolet,66,30-Jan-25,30-Jan-25,53,50.53,16.66,App,7.7,Completed,60.7
Canada,Vancouver,CS-2564,Level 1,Hyundai Kona Electric,Hyundai,64,4-Apr-25,4-Apr-25,180,14.47,4.43,App,4.5,Completed,25.4
France,Lyon,CS-1776,DC Fast,Kia EV6,Kia,77,3-Feb-25,3-Feb-25,139,45.31,10.46,Card,3.1,Aborted,20.9
China,Shanghai,CS-3972,DC Fast,Renault Zoe,Renault,52,26-Jan-25,26-Jan-25,60,35.28,3.97,App,26.3,Completed,78.8
Germany,Munich,CS-6342,Level 2,BYD Han,BYD,76,15-Jan-25,15-Jan-25,91,66.57,24.64,App,21.9,Completed,41.8
UK,London,CS-7412,DC Fast,Nissan Leaf,Nissan,40,16-Mar-25,16-Mar-25,161,30.71,11.67,Subscription,28.2,Failed,30.1
Germany,Berlin,CS-4947,DC Fast,BYD Han,BYD,76,26-Jan-25,26-Jan-25,46,59.9,11.62,Subscription,10.6,Failed,69.5
Canada,Toronto,CS-7627,Level 2,BMW i3,BMW,42,24-Feb-25,24-Feb-25,42,11.48,4.49,App,5.2,Failed,14.5
Japan,Osaka,CS-7480,Level 1,Nissan Leaf,Nissan,40,3-Apr-25,3-Apr-25,96,24.1,5.84,App,30.2,Completed,39
India,Delhi,CS-5870,DC Fast,Tesla Model 3,Tesla,60,1-Apr-25,1-Apr-25,180,58.17,16.39,Subscription,27,Completed,65.3
France,Lyon,CS-8667,Level 2,Renault Zoe,Renault,52,2-Feb-25,2-Feb-25,113,19.54,7.57,Subscription,-0.1,Completed,78.6
Canada,Toronto,CS-7784,Level 1,Porsche Taycan,Porsche,93,3-Feb-25,4-Feb-25,80,31.48,11.99,App,3.4,Completed,83.3
India,Bangalore,CS-5947,Level 2,Porsche Taycan,Porsche,93,15-Feb-25,15-Feb-25,23,29.12,3.61,App,24.5,Aborted,67.4
Germany,Berlin,CS-2670,DC Fast,Hyundai Kona Electric,Hyundai,64,14-Feb-25,14-Feb-25,144,8.92,2.02,Subscription,24.5,Aborted,65.6
USA,San Francisco,CS-5330,Level 1,BMW i3,BMW,42,1-Feb-25,1-Feb-25,176,21.41,6.26,App,3,Aborted,35.1
Germany,Berlin,CS-9902,DC Fast,BMW i3,BMW,42,29-Mar-25,29-Mar-25,78,24.11,9.42,Card,28.9,Failed,42.8
India,Delhi,CS-3125,Level 2,Kia EV6,Kia,77,6-Mar-25,6-Mar-25,49,23.77,7.28,App,2.9,Aborted,39.4
Canada,Vancouver,CS-8122,DC Fast,BYD Han,BYD,76,20-Mar-25,20-Mar-25,72,6.47,0.69,Subscription,19.5,Completed,82.5
Norway,Oslo,CS-7933,DC Fast,Hyundai Kona Electric,Hyundai,64,28-Feb-25,28-Feb-25,58,7.94,2.27,App,1,Aborted,23.6
Australia,Sydney,CS-3387,Level 2,Tesla Model 3,Tesla,60,9-Mar-25,9-Mar-25,149,28.93,10.88,Subscription,14.8,Completed,67.1
France,Lyon,CS-1320,Level 1,Hyundai Kona Electric,Hyundai,64,9-Feb-25,9-Feb-25,141,27.54,6.32,Subscription,3.6,Aborted,68.1
France,Lyon,CS-8028,Level 2,BMW i3,BMW,42,17-Mar-25,17-Mar-25,119,34.32,3.73,Card,19.7,Completed,39.6
Norway,Oslo,CS-8257,DC Fast,Tesla Model 3,Tesla,60,25-Jan-25,25-Jan-25,135,12.33,2.43,App,22.5,Failed,40.7
Canada,Montreal,CS-1898,Level 1,BYD Han,BYD,76,6-Mar-25,6-Mar-25,80,10.19,2.72,App,32.2,Aborted,82.7
Australia,Brisbane,CS-8597,Level 2,BYD Han,BYD,76,11-Mar-25,11-Mar-25,26,5.38,1.35,App,34.1,Failed,39.7
Japan,Tokyo,CS-5036,Level 2,BYD Han,BYD,76,10-Feb-25,10-Feb-25,60,23.48,5.9,App,0.3,Aborted,66.8
Canada,Toronto,CS-8483,Level 2,Hyundai Kona Electric,Hyundai,64,4-Feb-25,4-Feb-25,44,23.48,9.24,App,24.9,Aborted,32.6
China,Shenzhen,CS-9881,Level 2,Hyundai Kona Electric,Hyundai,64,7-Apr-25,7-Apr-25,147,23.47,8.63,Subscription,34.8,Completed,54.5
Norway,Oslo,CS-3831,Level 2,Chevy Bolt,Chevrolet,66,1-Mar-25,2-Mar-25,53,8.33,1.29,App,1.5,Aborted,44.9
Norway,Oslo,CS-4586,Level 2,Kia EV6,Kia,77,6-Feb-25,6-Feb-25,106,76.19,20.44,App,-0.5,Failed,79.4
Germany,Munich,CS-6049,Level 1,Nissan Leaf,Nissan,40,23-Jan-25,23-Jan-25,67,35.39,5.46,Subscription,15.3,Aborted,55.1
Australia,Sydney,CS-6785,Level 2,BYD Han,BYD,76,19-Mar-25,19-Mar-25,16,42.35,11.49,Card,4.8,Aborted,64.2
India,Mumbai,CS-8130,Level 1,Hyundai Kona Electric,Hyundai,64,20-Mar-25,20-Mar-25,46,28.26,7.83,App,1.2,Completed,46.8
Norway,Bergen,CS-3897,Level 1,Hyundai Kona Electric,Hyundai,64,15-Jan-25,16-Jan-25,167,43.82,8.71,Subscription,19.9,Aborted,36
Australia,Sydney,CS-2150,Level 1,Chevy Bolt,Chevrolet,66,21-Feb-25,21-Feb-25,27,53.9,9.97,Subscription,-2.2,Failed,40.5
Canada,Vancouver,CS-8813,Level 1,BMW i3,BMW,42,2-Feb-25,2-Feb-25,76,40.71,14.64,Card,29.1,Completed,41.1
Canada,Vancouver,CS-1147,DC Fast,BMW i3,BMW,42,18-Jan-25,18-Jan-25,45,16.05,5.46,App,31.1,Failed,20.5
Germany,Munich,CS-4097,Level 2,Renault Zoe,Renault,52,4-Mar-25,5-Mar-25,66,28.01,10.24,App,17.5,Aborted,17.2
Canada,Vancouver,CS-4677,Level 1,BYD Han,BYD,76,12-Jan-25,13-Jan-25,62,35.82,8.16,Subscription,8.7,Aborted,64.1
UK,Manchester,CS-5091,Level 2,Renault Zoe,Renault,52,4-Apr-25,4-Apr-25,176,35.42,4.43,App,-1.8,Aborted,34
UK,Birmingham,CS-3802,Level 1,Hyundai Kona Electric,Hyundai,64,15-Mar-25,15-Mar-25,78,35.86,6.76,Subscription,-1.9,Completed,51.1
Japan,Osaka,CS-9185,Level 2,Porsche Taycan,Porsche,93,18-Feb-25,18-Feb-25,39,45.89,14.51,App,5.2,Completed,71.5
USA,New York,CS-7079,Level 1,Kia EV6,Kia,77,7-Feb-25,7-Feb-25,60,61.6,21.74,Card,11.7,Failed,33.8
Australia,Brisbane,CS-8119,Level 1,Kia EV6,Kia,77,17-Feb-25,17-Feb-25,130,49.91,8.96,Card,2.4,Failed,88.6
China,Shenzhen,CS-3575,Level 1,Nissan Leaf,Nissan,40,29-Mar-25,29-Mar-25,126,23.7,2.41,Card,1.9,Aborted,46.8
Canada,Montreal,CS-8399,DC Fast,BYD Han,BYD,76,28-Jan-25,28-Jan-25,139,26.5,9.11,App,22.6,Failed,64
China,Beijing,CS-9159,Level 1,BMW i3,BMW,42,26-Mar-25,27-Mar-25,49,5.51,0.74,Subscription,33.8,Completed,26.7
UK,Birmingham,CS-3749,DC Fast,Chevy Bolt,Chevrolet,66,31-Mar-25,31-Mar-25,126,56.37,20.15,Card,-1.6,Aborted,21.9
Canada,Toronto,CS-7664,Level 2,Nissan Leaf,Nissan,40,13-Mar-25,13-Mar-25,57,36.58,11.77,App,13.9,Aborted,56.8
France,Lyon,CS-1632,DC Fast,BYD Han,BYD,76,6-Feb-25,6-Feb-25,115,8.62,0.88,Subscription,12.3,Aborted,77.9
Australia,Brisbane,CS-2243,DC Fast,Renault Zoe,Renault,52,7-Feb-25,7-Feb-25,89,6.74,1.48,Subscription,24,Failed,82.4
Norway,Oslo,CS-3086,DC Fast,Tesla Model 3,Tesla,60,30-Jan-25,31-Jan-25,150,6.05,1.65,Card,5.7,Failed,43.4
Norway,Oslo,CS-6030,DC Fast,Kia EV6,Kia,77,17-Mar-25,17-Mar-25,174,72.61,14.81,App,-4.2,Aborted,68.1
Norway,Bergen,CS-4837,DC Fast,Kia EV6,Kia,77,10-Jan-25,11-Jan-25,74,41.55,11.48,App,31.9,Failed,62.6
UK,Manchester,CS-1014,DC Fast,Porsche Taycan,Porsche,93,11-Feb-25,11-Feb-25,121,78.31,23.64,App,26.8,Completed,59.7
China,Shenzhen,CS-8432,DC Fast,Nissan Leaf,Nissan,40,1-Mar-25,1-Mar-25,138,9.52,1.52,App,-1,Aborted,85.4
Norway,Bergen,CS-9512,Level 2,Chevy Bolt,Chevrolet,66,14-Jan-25,14-Jan-25,68,38.97,15.58,App,9.3,Completed,24
Japan,Tokyo,CS-7916,Level 1,Nissan Leaf,Nissan,40,16-Jan-25,16-Jan-25,101,20.07,5.73,Subscription,4,Aborted,89.5
India,Mumbai,CS-7106,DC Fast,Renault Zoe,Renault,52,3-Apr-25,3-Apr-25,83,47.13,16.78,Subscription,21.8,Failed,14
Norway,Bergen,CS-7382,Level 1,Nissan Leaf,Nissan,40,21-Mar-25,21-Mar-25,42,32.36,9.15,Subscription,-3.3,Completed,23.4
Germany,Berlin,CS-9193,DC Fast,Audi e-tron,Audi,95,6-Mar-25,6-Mar-25,55,70.55,22.04,App,24.3,Completed,22.3
India,Delhi,CS-5962,Level 2,BMW i3,BMW,42,13-Feb-25,13-Feb-25,46,36.4,8.44,Card,4.8,Aborted,37.3
Japan,Tokyo,CS-1694,Level 2,Nissan Leaf,Nissan,40,6-Mar-25,6-Mar-25,83,18.04,5.89,Subscription,21.6,Completed,70.3
Japan,Osaka,CS-9635,Level 2,Chevy Bolt,Chevrolet,66,30-Mar-25,30-Mar-25,50,53.91,12.08,App,33.1,Failed,73.6
India,Mumbai,CS-9630,DC Fast,Kia EV6,Kia,77,23-Jan-25,23-Jan-25,52,60.45,19.06,Card,-1.6,Aborted,42.1
UK,Manchester,CS-6722,DC Fast,Tesla Model 3,Tesla,60,20-Feb-25,20-Feb-25,115,46.76,13.94,Card,31.1,Completed,88.2
Japan,Osaka,CS-7737,Level 2,Porsche Taycan,Porsche,93,27-Feb-25,27-Feb-25,117,82.95,25.73,Subscription,24.7,Aborted,10.6
China,Shenzhen,CS-1263,Level 1,BYD Han,BYD,76,10-Feb-25,10-Feb-25,52,54.72,12.8,Subscription,20,Failed,62.2
India,Bangalore,CS-8664,DC Fast,Porsche Taycan,Porsche,93,20-Jan-25,20-Jan-25,65,82.53,10.34,App,10.6,Failed,69.2
UK,Birmingham,CS-2306,Level 2,Renault Zoe,Renault,52,3-Mar-25,3-Mar-25,87,15.05,3.82,Subscription,8.6,Failed,22.8
USA,San Francisco,CS-7343,DC Fast,BYD Han,BYD,76,10-Mar-25,10-Mar-25,81,22.14,7.36,App,34.5,Completed,68.6
India,Delhi,CS-2852,Level 1,Renault Zoe,Renault,52,17-Mar-25,18-Mar-25,105,10.82,3.54,App,6.9,Failed,10.4
India,Mumbai,CS-4200,DC Fast,BYD Han,BYD,76,3-Apr-25,4-Apr-25,159,55.74,21.25,Subscription,28.8,Completed,38
China,Shenzhen,CS-7181,Level 1,BYD Han,BYD,76,24-Feb-25,24-Feb-25,50,55.72,14.26,Card,8.1,Failed,25.4
India,Delhi,CS-7909,Level 1,Nissan Leaf,Nissan,40,7-Apr-25,7-Apr-25,52,29.91,10.42,Card,-2.5,Completed,48.1
Norway,Oslo,CS-2676,Level 2,Audi e-tron,Audi,95,28-Jan-25,28-Jan-25,149,41.25,11.04,App,18.4,Failed,43.9
Norway,Trondheim,CS-8552,Level 1,Kia EV6,Kia,77,5-Feb-25,5-Feb-25,121,64.31,9.22,App,23.4,Completed,87.4
Japan,Yokohama,CS-5008,Level 1,Nissan Leaf,Nissan,40,14-Mar-25,14-Mar-25,69,20.94,2.3,Subscription,9.8,Completed,58.1
Canada,Toronto,CS-8484,Level 1,Nissan Leaf,Nissan,40,4-Feb-25,4-Feb-25,109,25.01,2.8,Card,9.9,Aborted,34.3
Norway,Oslo,CS-8449,Level 2,BMW i3,BMW,42,17-Jan-25,17-Jan-25,51,34,7.7,App,3.6,Failed,49.1
Germany,Hamburg,CS-7214,DC Fast,Audi e-tron,Audi,95,7-Mar-25,7-Mar-25,32,83.34,18.77,App,17.6,Aborted,72.5
Norway,Trondheim,CS-2112,Level 2,BYD Han,BYD,76,9-Jan-25,9-Jan-25,48,59.1,14.86,App,21.7,Completed,79.3
India,Mumbai,CS-9125,Level 2,BYD Han,BYD,76,17-Jan-25,17-Jan-25,174,34.08,5.79,App,16.6,Failed,81.2
China,Shenzhen,CS-4236,DC Fast,Nissan Leaf,Nissan,40,24-Mar-25,24-Mar-25,57,29.75,8.08,App,17.4,Completed,61.5
Germany,Berlin,CS-3933,DC Fast,BYD Han,BYD,76,5-Apr-25,5-Apr-25,153,45.96,5.33,Subscription,2.6,Aborted,50.2
USA,New York,CS-6011,Level 1,Renault Zoe,Renault,52,28-Jan-25,28-Jan-25,61,50.23,9.17,Card,28.2,Failed,45.5
Japan,Yokohama,CS-3454,Level 1,Audi e-tron,Audi,95,16-Mar-25,16-Mar-25,117,58,14.35,App,12.5,Aborted,11.9
Japan,Osaka,CS-6379,DC Fast,Porsche Taycan,Porsche,93,15-Feb-25,15-Feb-25,80,13.01,5.13,Card,6.4,Completed,30.4
Germany,Berlin,CS-1386,Level 2,Hyundai Kona Electric,Hyundai,64,12-Mar-25,12-Mar-25,119,45.04,5.3,Card,-3.9,Completed,33.8
Germany,Munich,CS-5639,Level 1,BMW i3,BMW,42,16-Mar-25,16-Mar-25,120,38.04,6.75,Card,3.1,Failed,56.9
Norway,Trondheim,CS-2107,Level 2,Renault Zoe,Renault,52,26-Jan-25,26-Jan-25,113,49.62,8.97,App,17.1,Completed,48.7
Canada,Montreal,CS-5292,DC Fast,Chevy Bolt,Chevrolet,66,10-Jan-25,10-Jan-25,19,21.42,8.33,Card,4.9,Failed,62.1
UK,Manchester,CS-9020,DC Fast,BYD Han,BYD,76,19-Mar-25,19-Mar-25,119,36.66,12.97,Card,26.3,Completed,39.9
UK,London,CS-6813,Level 1,Renault Zoe,Renault,52,29-Jan-25,29-Jan-25,123,50.18,13.38,Card,27.5,Failed,33.1
UK,London,CS-7393,DC Fast,Tesla Model 3,Tesla,60,25-Feb-25,25-Feb-25,138,20.03,3.51,App,35,Failed,27
Japan,Osaka,CS-7452,Level 2,Tesla Model 3,Tesla,60,19-Jan-25,20-Jan-25,56,45.66,12.28,Card,10.8,Completed,76.4
Japan,Osaka,CS-6335,Level 2,Porsche Taycan,Porsche,93,3-Apr-25,3-Apr-25,68,58.72,22.74,Subscription,32.8,Failed,30.9
